id,T1,T2,T3,T4,T5,T6,T7,T8,age,income,education,ethnicity,party,involvement,knowledge,Q1,Q2,Q3,Q4,Q5,Q6,Q7,Q8,Q9,Q10,Q11,Q12
0,0,0,0,0,1,0,0,0,35 - 44,"$20,000 - $29,999",Professional degree,Black or African American,Independent,1,1,2,1,2,1,1,1,1,0,2,1,0,1
1,0,1,0,0,0,0,0,0,35 - 44,"$10,000 - $19,999",2 year degree,White,Independent,1,4,2,0,0,1,-1,0,1,1,-1,1,0,0
2,0,0,0,0,0,0,1,0,35 - 44,"$100,000 - $149,999",4 year degree,White,Democrat,1,0,1,1,1,1,1,1,1,1,1,1,1,1
3,0,1,0,0,0,0,0,0,18 - 24,"$20,000 - $29,999",4 year degree,Asian,Democrat,1,0,1,1,0,-1,0,0,0,1,1,1,-1,1
4,0,0,0,1,0,0,0,0,25 - 34,"$90,000 - $99,999",4 year degree,White,Democrat,1,2,1,-1,0,1,1,0,1,-1,1,0,0,1
5,0,0,0,0,1,0,0,0,18 - 24,"$70,000 - $79,999",Some college,White,Republican,-1,2,-1,1,-2,-2,-2,-1,1,0,-2,-1,-2,-2
6,0,0,0,0,1,0,0,0,25 - 34,"$70,000 - $79,999",Professional degree,White,Democrat,2,1,-2,1,-2,-1,-2,1,-1,1,1,-1,0,2
7,0,0,0,0,0,0,1,0,25 - 34,"$50,000 - $59,999",4 year degree,White,Democrat,2,0,1,1,1,1,1,1,1,1,1,1,1,1
8,0,0,0,0,0,1,0,0,25 - 34,"$20,000 - $29,999",High school graduate,White,Independent,0,1,2,1,2,2,-1,2,0,0,2,2,2,2
9,0,0,0,0,0,0,1,0,25 - 34,"$10,000 - $19,999",4 year degree,Black or African American,Republican,1,0,2,1,2,1,2,1,0,-1,2,1,2,1
10,0,0,0,0,0,0,1,0,45 - 54,"$30,000 - $39,999",Some college,White,Democrat,1,3,2,0,2,1,-2,1,1,2,0,2,2,2
11,0,0,0,0,0,0,0,1,25 - 34,"$40,000 - $49,999",Some college,White,Democrat,0,0,0,1,-1,1,-1,0,0,0,0,1,0,1
12,0,0,1,0,0,0,0,0,35 - 44,"$50,000 - $59,999",4 year degree,White,Democrat,0,0,1,-1,2,2,1,2,0,-1,1,2,1,2
13,0,0,0,1,0,0,0,0,35 - 44,"$20,000 - $29,999",4 year degree,White,Democrat,1,3,2,-2,1,2,1,1,0,-1,2,2,-1,0
14,0,0,0,0,1,0,0,0,25 - 34,"$20,000 - $29,999",4 year degree,White,Democrat,2,3,2,-2,2,2,1,0,1,2,2,2,0,-1
15,0,1,0,0,0,0,0,0,45 - 54,"$30,000 - $39,999",4 year degree,White,Democrat,1,2,2,-2,2,2,1,1,1,0,1,1,-1,0
16,0,0,0,1,0,0,0,0,65 - 74,"$40,000 - $49,999",Some college,White,Democrat,1,4,2,-1,2,2,-1,0,-1,2,1,2,0,2
17,0,0,0,0,0,1,0,0,45 - 54,"$20,000 - $29,999",Some college,White,Democrat,1,2,0,1,1,0,0,1,-1,-1,0,0,1,-1
18,0,0,0,0,0,1,0,0,25 - 34,"$20,000 - $29,999",4 year degree,Black or African American,Republican,1,0,2,1,-1,1,2,1,-2,0,-1,1,-1,-2
19,0,0,0,0,0,0,0,1,25 - 34,"$80,000 - $89,999",4 year degree,White,Independent,1,2,2,-1,2,0,2,1,1,0,2,2,-1,-1
20,0,0,0,0,0,0,0,1,35 - 44,"$50,000 - $59,999",2 year degree,Asian,Republican,0,1,1,-2,2,-1,1,1,2,-1,2,2,-2,-2
21,0,0,0,1,0,0,0,0,35 - 44,"$70,000 - $79,999",4 year degree,White,Independent,0,4,2,0,0,1,0,0,2,1,2,2,0,0
22,0,1,0,0,0,0,0,0,45 - 54,"$20,000 - $29,999",Professional degree,Black or African American,Republican,2,0,-2,-1,-1,-2,-1,-2,0,-2,-1,-2,-1,-2
23,0,0,0,0,0,0,1,0,25 - 34,"$10,000 - $19,999",4 year degree,White,Democrat,2,0,2,1,0,1,2,1,-2,0,1,0,1,2
24,0,0,0,0,0,1,0,0,25 - 34,"$30,000 - $39,999",4 year degree,White,Democrat,0,0,0,-1,1,1,1,1,1,1,1,1,1,1
25,0,0,1,0,0,0,0,0,25 - 34,"$40,000 - $49,999",Professional degree,Black or African American,Democrat,0,0,1,-2,0,2,2,2,-1,0,0,2,2,-1
26,0,0,0,0,0,0,1,0,18 - 24,"$20,000 - $29,999",4 year degree,White,Democrat,0,0,1,0,1,0,1,0,1,0,1,0,1,0
27,1,0,0,0,0,0,0,0,25 - 34,"$20,000 - $29,999",4 year degree,Black or African American,Democrat,-2,1,2,-1,0,0,2,1,-2,-1,0,1,0,0
28,0,0,0,1,0,0,0,0,25 - 34,"$70,000 - $79,999",4 year degree,White,Democrat,1,2,1,0,1,2,1,0,-1,1,1,2,0,-1
29,0,0,0,0,0,0,0,1,35 - 44,"$20,000 - $29,999",Professional degree,Black or African American,Democrat,2,1,1,2,0,1,1,2,-1,1,1,2,-1,0
30,1,0,0,0,0,0,0,0,55 - 64,"Less than $10,000",Some college,White,Republican,0,2,0,1,1,0,-1,1,0,1,-1,1,0,-1
31,1,0,0,0,0,0,0,0,25 - 34,"$50,000 - $59,999",4 year degree,White,Republican,0,3,2,2,2,2,2,2,2,2,2,2,2,2
32,0,0,1,0,0,0,0,0,35 - 44,"$100,000 - $149,999",4 year degree,White,Democrat,0,0,1,1,1,1,0,0,0,0,1,1,1,1
33,0,0,0,0,0,1,0,0,25 - 34,"$20,000 - $29,999",Some college,Black or African American,Democrat,2,0,0,1,0,0,0,1,-1,0,0,0,0,1
34,0,0,0,0,1,0,0,0,35 - 44,"$70,000 - $79,999",High school graduate,Black or African American,Republican,2,0,-1,-1,-1,-1,1,1,1,1,1,1,1,1
35,0,0,0,0,0,0,0,1,25 - 34,"$20,000 - $29,999",4 year degree,White,Democrat,0,0,-1,1,1,1,0,0,1,1,0,1,0,-1
36,0,0,0,0,1,0,0,0,35 - 44,"$40,000 - $49,999",4 year degree,Asian,Democrat,1,3,2,-1,1,2,0,1,1,1,2,2,0,2
37,0,0,0,0,0,1,0,0,25 - 34,"$20,000 - $29,999",2 year degree,American Indian or Alaska Native,Republican,2,2,1,1,2,1,1,2,1,1,1,0,1,1
38,0,0,1,0,0,0,0,0,55 - 64,"$20,000 - $29,999",Some college,White,Democrat,2,3,2,-1,-1,2,1,-1,1,1,2,2,-1,1
39,0,0,0,0,1,0,0,0,35 - 44,"$50,000 - $59,999",4 year degree,White,Democrat,2,0,0,1,0,1,1,0,-1,2,1,1,0,1
40,0,0,0,0,0,0,1,0,25 - 34,"$40,000 - $49,999",High school graduate,White,Independent,1,3,1,-1,0,-1,-1,-1,0,-1,-1,1,1,0
41,0,0,0,0,0,1,0,0,25 - 34,"$50,000 - $59,999",4 year degree,White,Republican,1,2,-2,0,-2,-2,2,1,2,-1,2,2,2,1
42,0,0,0,0,1,0,0,0,25 - 34,"$20,000 - $29,999",4 year degree,White,Democrat,1,3,1,0,1,2,0,0,2,1,1,1,0,-2
43,0,1,0,0,0,0,0,0,25 - 34,"$90,000 - $99,999",4 year degree,White,Democrat,2,3,2,1,1,1,1,0,2,1,1,2,1,0
44,1,0,0,0,0,0,0,0,35 - 44,"Less than $10,000",4 year degree,White,Democrat,2,2,1,2,0,2,1,2,0,2,2,1,0,0
45,0,0,0,0,0,0,1,0,25 - 34,"$30,000 - $39,999",4 year degree,White,Independent,1,3,1,-1,1,2,-1,0,-1,1,1,1,1,1
46,0,1,0,0,0,0,0,0,35 - 44,"$30,000 - $39,999",4 year degree,White,Democrat,1,3,0,0,1,-1,-1,0,0,1,0,1,1,0
47,0,1,0,0,0,0,0,0,25 - 34,"$20,000 - $29,999",4 year degree,Black or African American,Republican,1,0,2,1,-1,2,1,2,1,2,1,2,1,2
48,0,0,0,0,0,0,0,1,25 - 34,"$10,000 - $19,999",Some college,Black or African American,Democrat,1,0,2,2,2,2,2,2,2,2,2,1,0,2
49,0,1,0,0,0,0,0,0,55 - 64,"$50,000 - $59,999",Professional degree,White,Independent,0,4,2,1,1,1,1,-1,1,-1,2,2,-1,2
50,0,0,0,0,0,0,1,0,35 - 44,"$50,000 - $59,999",2 year degree,White,Republican,2,0,2,2,1,2,2,2,2,1,2,2,2,2
51,0,0,1,0,0,0,0,0,35 - 44,"$40,000 - $49,999",2 year degree,Black or African American,Republican,0,0,1,-1,1,-1,-1,-1,0,-2,2,1,-2,0
52,0,0,0,1,0,0,0,0,65 - 74,"$100,000 - $149,999",Professional degree,White,Democrat,1,3,1,-1,2,0,1,1,2,0,1,2,-2,-2
53,1,0,0,0,0,0,0,0,45 - 54,"$90,000 - $99,999",Professional degree,White,Democrat,0,0,1,1,1,0,2,1,0,-1,2,1,0,2
54,0,0,0,0,1,0,0,0,25 - 34,"$10,000 - $19,999",2 year degree,White,Independent,1,2,2,-1,1,0,-1,-1,1,-1,1,2,-2,1
55,0,0,0,0,0,0,0,1,25 - 34,"$50,000 - $59,999",4 year degree,White,Republican,-1,3,1,-1,-1,1,1,2,2,-1,1,2,-2,-2
56,1,0,0,0,0,0,0,0,25 - 34,"$20,000 - $29,999",High school graduate,White,Republican,0,1,2,1,0,2,2,2,1,0,2,2,0,-1
57,0,0,0,0,1,0,0,0,45 - 54,"$70,000 - $79,999",4 year degree,Asian,Republican,0,0,1,-1,1,2,0,1,2,0,1,2,0,-1
58,0,0,0,0,0,0,0,1,25 - 34,"$80,000 - $89,999",4 year degree,White,Republican,1,4,1,-1,1,0,1,-1,2,0,-1,1,1,-2
59,0,0,0,0,0,0,0,1,25 - 34,"$50,000 - $59,999",4 year degree,White,Democrat,-1,1,-2,2,2,-2,-2,1,-2,2,-2,2,1,-2
60,0,0,0,0,1,0,0,0,45 - 54,"$40,000 - $49,999",4 year degree,White,Republican,1,0,1,2,1,2,1,2,1,2,2,1,2,1
61,1,0,0,0,0,0,0,0,55 - 64,"$30,000 - $39,999",4 year degree,White,Democrat,2,0,1,1,0,1,1,1,0,1,1,1,1,0
62,0,0,0,0,0,1,0,0,18 - 24,"$20,000 - $29,999",4 year degree,White,Republican,0,0,-1,1,2,1,-1,1,2,0,-2,0,1,2
63,0,0,0,0,0,1,0,0,35 - 44,"$80,000 - $89,999",4 year degree,White,Democrat,1,3,1,1,-1,2,-1,-1,0,1,-1,2,-1,-1
64,0,0,0,0,1,0,0,0,25 - 34,"$40,000 - $49,999",4 year degree,White,Republican,0,2,0,-1,0,-1,-1,1,-1,0,1,-1,1,-1
65,0,0,0,1,0,0,0,0,35 - 44,"$20,000 - $29,999",Some college,White,Republican,0,0,2,1,2,2,2,1,2,2,2,2,2,1
66,0,0,0,0,1,0,0,0,25 - 34,"$50,000 - $59,999",4 year degree,White,Democrat,1,1,1,1,2,1,1,2,-1,0,2,1,1,2
67,0,0,0,0,0,0,1,0,25 - 34,"$50,000 - $59,999",4 year degree,White,Democrat,0,0,2,2,2,0,2,1,1,1,2,2,2,2
68,0,0,0,0,0,0,1,0,25 - 34,"$40,000 - $49,999",4 year degree,Black or African American,Republican,1,0,1,1,-1,1,2,1,-1,1,2,0,1,1
69,0,0,0,0,0,0,1,0,25 - 34,"$100,000 - $149,999",Professional degree,White,Democrat,1,0,2,1,2,2,1,2,1,1,1,1,1,2
70,0,0,1,0,0,0,0,0,35 - 44,"$60,000 - $69,999",4 year degree,Asian,Democrat,1,4,1,-1,2,0,2,-2,1,-1,2,2,-1,0
71,0,0,0,0,0,1,0,0,25 - 34,"$70,000 - $79,999",4 year degree,White,Democrat,0,0,1,0,1,0,0,1,0,0,2,0,0,2
72,0,0,0,0,0,0,1,0,25 - 34,"Less than $10,000",4 year degree,White,Republican,2,4,1,1,2,1,2,1,2,2,2,1,2,1
73,0,0,0,0,1,0,0,0,25 - 34,"$70,000 - $79,999",4 year degree,White,Democrat,2,3,2,1,2,1,2,1,0,1,2,0,1,2
74,0,0,0,1,0,0,0,0,25 - 34,"$50,000 - $59,999",4 year degree,White,Democrat,2,3,1,2,0,1,1,0,-1,1,1,0,-1,1
75,0,0,0,1,0,0,0,0,25 - 34,"$50,000 - $59,999",4 year degree,White,Democrat,0,0,2,1,2,2,2,1,2,1,2,2,1,2
76,0,0,0,1,0,0,0,0,45 - 54,"$60,000 - $69,999",4 year degree,White,Democrat,2,3,1,-1,1,1,1,-1,1,-1,1,2,1,2
77,0,0,0,0,0,1,0,0,35 - 44,"$90,000 - $99,999",Professional degree,White,Democrat,0,0,1,2,0,1,2,-1,1,1,0,1,2,-1
78,0,0,0,0,0,0,1,0,35 - 44,"$30,000 - $39,999",High school graduate,White,Republican,1,2,1,0,0,0,2,0,1,-1,2,1,-1,-2
79,1,0,0,0,0,0,0,0,25 - 34,"$50,000 - $59,999",4 year degree,White,Republican,2,1,1,1,2,1,2,1,0,2,1,2,2,1
80,1,0,0,0,0,0,0,0,35 - 44,"$40,000 - $49,999",4 year degree,Black or African American,Democrat,0,0,0,0,1,1,0,-1,2,-1,2,1,0,0
81,0,0,1,0,0,0,0,0,45 - 54,"$20,000 - $29,999",4 year degree,White,Republican,0,3,1,0,2,1,1,2,2,1,2,1,2,0
82,0,0,0,1,0,0,0,0,25 - 34,"$100,000 - $149,999",4 year degree,White,Democrat,0,1,1,0,1,-1,0,1,1,0,1,1,0,1
83,0,0,0,0,0,0,1,0,35 - 44,"$70,000 - $79,999",High school graduate,Black or African American,Republican,0,0,2,2,2,2,1,1,1,1,1,1,1,1
84,0,1,0,0,0,0,0,0,25 - 34,"$30,000 - $39,999",4 year degree,White,Republican,1,2,2,-2,2,1,-2,1,2,-2,2,2,-2,-2
85,0,0,0,0,0,1,0,0,25 - 34,"$50,000 - $59,999",4 year degree,White,Republican,-1,3,-1,2,-1,-2,-2,-2,1,2,-2,-2,2,2
86,0,0,0,0,0,1,0,0,25 - 34,"$30,000 - $39,999",2 year degree,White,Republican,-2,2,-2,1,-2,-2,-2,0,-2,-2,-2,-2,-2,-2
87,0,0,0,0,0,1,0,0,35 - 44,"$10,000 - $19,999",Professional degree,White,Republican,1,0,-1,1,-2,1,1,0,1,-2,-1,2,2,-1
88,1,0,0,0,0,0,0,0,25 - 34,"$30,000 - $39,999",4 year degree,Black or African American,Republican,0,0,2,1,1,2,0,1,2,0,-1,1,0,2
89,0,0,0,1,0,0,0,0,25 - 34,"$50,000 - $59,999",4 year degree,White,Democrat,1,0,1,1,1,-1,0,1,-1,1,1,-1,0,1
90,0,0,0,0,1,0,0,0,45 - 54,"$30,000 - $39,999",4 year degree,White,Republican,1,2,-1,2,-1,-1,2,1,2,0,2,2,0,-1
91,0,0,0,0,0,0,1,0,45 - 54,"$30,000 - $39,999",4 year degree,White,Republican,1,3,2,-2,2,2,2,2,2,-2,2,2,-2,-2
92,0,0,0,1,0,0,0,0,45 - 54,"Less than $10,000",Professional degree,White,Republican,0,2,1,-1,-1,1,-1,1,0,0,1,1,-1,0
93,0,1,0,0,0,0,0,0,35 - 44,"$70,000 - $79,999",Some college,Black or African American,Republican,2,0,2,2,1,2,2,2,2,1,2,2,1,2
94,0,0,0,0,0,0,1,0,35 - 44,"$40,000 - $49,999",4 year degree,White,Independent,-2,0,1,1,1,1,-1,2,2,2,-2,2,-2,1
95,0,0,0,0,1,0,0,0,25 - 34,"$50,000 - $59,999",High school graduate,White,Democrat,1,1,2,1,0,2,1,2,0,1,2,0,1,0
96,0,0,0,0,0,0,1,0,25 - 34,"$70,000 - $79,999",4 year degree,White,Democrat,1,1,1,0,1,1,0,1,0,2,0,1,1,0
97,1,0,0,0,0,0,0,0,25 - 34,"$50,000 - $59,999",4 year degree,White,Democrat,2,0,2,2,2,2,2,1,2,2,1,1,2,2
98,0,0,0,1,0,0,0,0,35 - 44,"Less than $10,000",2 year degree,White,Democrat,1,3,1,0,-1,0,1,1,0,1,1,2,0,1
99,0,0,0,0,0,1,0,0,55 - 64,"$60,000 - $69,999",4 year degree,White,Republican,0,0,1,1,1,0,1,1,1,0,1,0,1,1
100,0,0,0,0,0,1,0,0,25 - 34,"$20,000 - $29,999",High school graduate,Asian,Independent,-1,4,2,-2,2,2,2,0,2,0,2,2,-2,-2
101,0,0,1,0,0,0,0,0,25 - 34,"$40,000 - $49,999",4 year degree,Black or African American,Democrat,1,3,1,2,1,1,1,2,-1,1,1,0,1,0
102,0,0,0,0,0,0,1,0,25 - 34,"$90,000 - $99,999",4 year degree,Asian,Democrat,1,4,2,-2,0,1,-1,-1,0,1,1,1,0,1
103,0,0,0,1,0,0,0,0,25 - 34,"$50,000 - $59,999",4 year degree,White,Democrat,1,0,1,1,1,1,1,1,1,1,1,1,1,1
104,0,0,0,0,0,0,1,0,45 - 54,"$40,000 - $49,999",4 year degree,Black or African American,Democrat,-1,3,-1,-2,0,-1,-1,1,-1,1,-1,1,-2,1
105,0,0,0,0,1,0,0,0,45 - 54,"$50,000 - $59,999",4 year degree,Black or African American,Republican,1,0,1,-1,2,-1,0,1,-1,1,2,1,2,-1
106,0,0,0,1,0,0,0,0,35 - 44,"$80,000 - $89,999",Professional degree,Black or African American,Republican,1,1,0,1,2,0,-1,2,1,-1,0,1,2,0
107,0,0,0,0,0,0,1,0,35 - 44,"$30,000 - $39,999",Professional degree,Black or African American,Democrat,0,0,2,1,2,1,1,2,-1,1,2,1,2,1
108,0,0,0,0,0,0,1,0,25 - 34,"$50,000 - $59,999",4 year degree,Black or African American,Republican,1,1,1,2,0,1,2,0,-2,-1,1,2,-1,-1
109,0,1,0,0,0,0,0,0,35 - 44,"$60,000 - $69,999",4 year degree,White,Republican,0,4,1,-2,1,-1,1,1,2,1,1,1,-1,-1
110,0,0,0,0,1,0,0,0,35 - 44,"$60,000 - $69,999",4 year degree,White,Democrat,2,3,1,2,1,0,1,0,1,0,1,2,0,0
111,0,0,0,0,0,0,1,0,25 - 34,"$70,000 - $79,999",4 year degree,White,Democrat,1,2,1,0,0,1,2,-1,-1,0,0,-1,1,0
112,0,0,0,0,0,0,1,0,35 - 44,"$70,000 - $79,999",4 year degree,White,Democrat,1,2,2,1,1,0,2,1,-1,1,2,1,1,2
113,0,0,0,1,0,0,0,0,25 - 34,"$40,000 - $49,999",4 year degree,White,Democrat,1,3,0,0,1,0,1,0,-1,1,-1,2,0,1
114,0,0,0,1,0,0,0,0,25 - 34,"$40,000 - $49,999",Some college,White,Democrat,1,4,2,-2,1,2,1,-2,0,0,1,2,-1,2
115,1,0,0,0,0,0,0,0,25 - 34,"$40,000 - $49,999",High school graduate,White,Democrat,-1,0,1,1,0,0,-1,0,1,1,1,1,1,-1
116,0,0,1,0,0,0,0,0,25 - 34,"$80,000 - $89,999",Some college,White,Democrat,1,2,2,0,-1,1,2,-1,2,1,2,1,0,-1
117,0,1,0,0,0,0,0,0,25 - 34,"$60,000 - $69,999",4 year degree,White,Democrat,1,2,2,0,1,2,1,1,2,0,0,1,0,1
118,0,0,0,0,0,0,1,0,25 - 34,"$50,000 - $59,999",4 year degree,White,Democrat,0,1,1,2,0,1,0,1,2,0,0,1,2,-1
119,0,0,1,0,0,0,0,0,25 - 34,"$90,000 - $99,999",4 year degree,White,Republican,1,0,2,1,0,2,1,0,2,1,2,0,1,-1
120,0,0,0,0,0,0,1,0,25 - 34,"$40,000 - $49,999",Professional degree,Black or African American,Republican,1,2,1,-1,1,-1,-1,-1,0,-2,-2,-1,2,-1
121,0,0,0,0,0,0,0,1,45 - 54,"$40,000 - $49,999",4 year degree,White,Democrat,2,0,2,1,2,1,1,2,0,1,2,1,2,0
122,0,0,0,0,0,1,0,0,25 - 34,"$40,000 - $49,999",4 year degree,White,Democrat,0,2,2,0,2,2,1,2,2,0,1,2,-1,2
123,1,0,0,0,0,0,0,0,35 - 44,"Less than $10,000",2 year degree,White,Democrat,0,3,1,-1,2,0,1,-1,0,1,2,2,0,-2
124,0,0,1,0,0,0,0,0,25 - 34,"$50,000 - $59,999",4 year degree,White,Democrat,2,0,2,0,1,1,1,0,1,1,2,1,2,1
125,0,0,1,0,0,0,0,0,25 - 34,"$50,000 - $59,999",4 year degree,White,Democrat,0,2,2,1,2,1,2,1,2,2,0,2,1,2
126,1,0,0,0,0,0,0,0,45 - 54,"$40,000 - $49,999",4 year degree,White,Republican,2,0,2,1,2,1,2,1,2,1,2,1,2,1
127,0,0,0,0,0,1,0,0,25 - 34,"$50,000 - $59,999",4 year degree,White,Republican,1,0,1,2,0,2,2,0,1,0,2,0,2,0
128,0,1,0,0,0,0,0,0,25 - 34,"$20,000 - $29,999",Professional degree,White,Democrat,1,3,2,2,-2,1,2,1,1,-1,1,1,0,-1
129,0,0,0,0,0,0,0,1,35 - 44,"$30,000 - $39,999",4 year degree,Black or African American,Democrat,1,3,0,1,1,0,1,0,1,0,-1,0,1,0
130,0,0,0,0,1,0,0,0,25 - 34,"$20,000 - $29,999",4 year degree,White,Republican,2,0,-1,1,2,-1,1,2,-1,1,2,1,2,2
131,0,0,0,1,0,0,0,0,25 - 34,"$40,000 - $49,999",4 year degree,White,Republican,1,3,1,-2,1,1,-1,2,2,-2,2,2,-2,-2
132,0,0,0,0,0,1,0,0,35 - 44,"$80,000 - $89,999",4 year degree,White,Democrat,2,3,0,1,0,1,1,1,0,1,1,2,1,0
133,0,0,0,0,0,0,1,0,25 - 34,"$70,000 - $79,999",Professional degree,Black or African American,Republican,0,2,0,1,1,2,1,2,2,0,0,1,-1,1
134,1,0,0,0,0,0,0,0,25 - 34,"$90,000 - $99,999",4 year degree,White,Democrat,1,2,1,1,0,-1,2,0,2,0,-1,2,0,-1
135,0,1,0,0,0,0,0,0,65 - 74,"$40,000 - $49,999",Some college,White,Republican,0,2,2,0,1,1,1,1,0,1,2,1,0,-1
136,0,0,0,0,0,0,0,1,55 - 64,"$50,000 - $59,999",4 year degree,Black or African American,Democrat,1,3,2,1,1,1,0,1,1,-1,1,2,1,-1
137,0,0,0,0,0,0,1,0,35 - 44,"$40,000 - $49,999",Doctorate,White,Independent,2,0,2,1,2,1,2,1,2,2,2,1,2,0
138,0,0,0,0,0,0,1,0,25 - 34,"$30,000 - $39,999",4 year degree,Black or African American,Republican,0,0,1,2,1,2,2,1,2,1,2,1,2,1
139,0,0,0,1,0,0,0,0,45 - 54,"$70,000 - $79,999",Professional degree,White,Republican,1,0,1,2,0,2,-1,1,1,2,2,2,1,2
140,0,0,0,0,0,1,0,0,18 - 24,"$90,000 - $99,999",Doctorate,White,Democrat,0,2,2,2,2,1,2,1,2,1,2,1,2,2
141,0,0,0,0,0,0,0,1,35 - 44,"$60,000 - $69,999",4 year degree,White,Democrat,0,3,0,0,-1,1,2,1,-1,1,1,0,0,-1
142,0,0,0,0,1,0,0,0,35 - 44,"$60,000 - $69,999",4 year degree,White,Democrat,2,0,2,1,2,2,1,2,1,2,2,1,2,2
143,1,0,0,0,0,0,0,0,25 - 34,"$10,000 - $19,999",Some college,White,Independent,1,4,2,-2,2,0,2,0,2,-1,2,2,0,1
144,0,0,0,0,0,1,0,0,25 - 34,"$100,000 - $149,999",Professional degree,White,Democrat,1,0,1,2,2,1,1,1,2,1,2,1,1,1
145,1,0,0,0,0,0,0,0,25 - 34,"$80,000 - $89,999",4 year degree,White,Democrat,0,2,2,1,0,0,2,1,1,1,2,1,1,0
146,0,0,0,0,0,0,1,0,25 - 34,"$20,000 - $29,999",High school graduate,White,Republican,2,2,2,1,2,2,2,1,2,2,2,2,2,2
147,1,0,0,0,0,0,0,0,45 - 54,"Less than $10,000",Some college,White,Independent,1,4,1,-2,2,0,-1,1,0,-1,1,0,1,2
148,0,0,0,1,0,0,0,0,25 - 34,"$50,000 - $59,999",Professional degree,Black or African American,Republican,1,0,1,1,1,2,1,2,1,2,1,2,1,1
149,0,0,0,0,1,0,0,0,25 - 34,"$50,000 - $59,999",4 year degree,White,Democrat,0,0,0,1,0,1,1,0,0,1,0,1,-1,1
150,0,0,0,0,0,0,0,1,35 - 44,"$50,000 - $59,999",4 year degree,Black or African American,Democrat,1,4,1,0,1,2,1,1,2,1,1,2,1,1
151,0,0,1,0,0,0,0,0,25 - 34,"$60,000 - $69,999",4 year degree,Black or African American,Democrat,2,2,2,1,2,1,0,2,1,2,2,1,0,2
152,1,0,0,0,0,0,0,0,25 - 34,"$50,000 - $59,999",4 year degree,White,Democrat,1,2,0,1,0,2,2,0,1,1,1,2,0,1
153,0,1,0,0,0,0,0,0,18 - 24,"$10,000 - $19,999",4 year degree,White,Democrat,-2,1,2,-2,2,2,-1,2,2,0,-1,2,-1,1
154,1,0,0,0,0,0,0,0,35 - 44,"Less than $10,000",4 year degree,White,Democrat,2,3,2,1,2,0,2,1,1,2,2,1,1,1
155,0,0,0,0,0,1,0,0,25 - 34,"$50,000 - $59,999",2 year degree,Black or African American,Democrat,0,0,2,1,2,2,1,-1,1,1,1,2,-1,-1
156,0,1,0,0,0,0,0,0,35 - 44,"$50,000 - $59,999",4 year degree,White,Democrat,1,3,1,-1,1,0,1,1,-2,1,-1,1,0,2
157,0,0,0,0,0,0,0,1,55 - 64,"$20,000 - $29,999",4 year degree,White,Democrat,1,3,1,1,2,1,1,2,2,1,1,2,1,-1
158,0,0,0,0,0,0,1,0,45 - 54,"$50,000 - $59,999",Professional degree,White,Democrat,2,2,2,1,2,-1,1,1,1,2,0,0,2,2
159,0,0,0,0,1,0,0,0,65 - 74,"$10,000 - $19,999",2 year degree,White,Independent,1,2,2,-1,2,-1,1,0,-1,1,2,2,-2,1
160,0,0,0,0,0,0,1,0,25 - 34,"$70,000 - $79,999",4 year degree,Black or African American,Democrat,1,3,2,1,2,2,-2,1,2,2,-1,-1,-1,-1
161,1,0,0,0,0,0,0,0,35 - 44,"$60,000 - $69,999",Some college,White,Democrat,1,1,1,2,1,1,1,2,0,2,1,1,2,1
162,0,0,0,0,0,1,0,0,35 - 44,"$20,000 - $29,999",4 year degree,White,Democrat,0,1,0,1,0,1,1,0,2,1,-1,0,1,2
163,0,0,1,0,0,0,0,0,25 - 34,"$80,000 - $89,999",4 year degree,Black or African American,Democrat,0,3,0,1,-1,0,0,-1,0,1,0,1,0,0
164,0,0,0,0,1,0,0,0,45 - 54,"$30,000 - $39,999",4 year degree,White,Democrat,2,0,2,1,0,2,1,2,1,2,0,1,2,0
165,0,0,0,0,1,0,0,0,45 - 54,"$40,000 - $49,999",4 year degree,White,Republican,-1,2,1,1,1,1,-1,1,1,1,1,1,-1,1
166,0,0,0,0,0,0,1,0,25 - 34,"$70,000 - $79,999",4 year degree,Black or African American,Democrat,1,3,2,1,2,2,1,2,1,2,1,1,-1,-1
167,0,0,1,0,0,0,0,0,35 - 44,"$20,000 - $29,999",4 year degree,White,Independent,0,0,2,-2,2,-2,0,2,-2,0,0,0,0,1
168,0,0,0,0,0,0,0,1,25 - 34,"$30,000 - $39,999",4 year degree,Black or African American,Republican,0,0,2,2,1,2,2,1,2,1,2,1,2,1
169,1,0,0,0,0,0,0,0,45 - 54,"$40,000 - $49,999",4 year degree,White,Republican,1,3,2,-2,1,0,-1,1,1,0,1,2,-2,-2
170,0,0,0,1,0,0,0,0,25 - 34,"$40,000 - $49,999",4 year degree,Black or African American,Republican,1,2,1,0,1,1,1,2,-1,1,1,0,-1,2
171,0,1,0,0,0,0,0,0,25 - 34,"$40,000 - $49,999",4 year degree,White,Republican,1,2,1,1,0,1,1,0,0,1,0,-1,1,0
172,0,0,0,1,0,0,0,0,35 - 44,"More than $150,000",4 year degree,White,Democrat,-1,2,2,-2,1,2,-1,1,0,1,2,2,0,-1
173,0,0,0,0,0,0,0,1,45 - 54,"$40,000 - $49,999",Professional degree,Black or African American,Republican,0,4,0,-1,0,-1,1,1,2,1,1,2,1,1
174,0,1,0,0,0,0,0,0,45 - 54,"$30,000 - $39,999",Some college,White,Democrat,1,1,2,-2,2,1,2,1,1,-1,2,1,-1,1
175,0,0,0,1,0,0,0,0,25 - 34,"$60,000 - $69,999",4 year degree,Black or African American,Democrat,2,3,2,2,2,2,2,1,1,2,1,2,2,1
176,0,0,0,0,0,0,0,1,35 - 44,"$60,000 - $69,999",4 year degree,White,Democrat,2,0,2,1,1,1,2,1,2,2,1,1,1,1
177,0,0,0,0,0,0,0,1,25 - 34,"$30,000 - $39,999",Professional degree,White,Republican,1,3,1,0,1,1,0,1,1,1,0,1,1,1
178,0,0,0,1,0,0,0,0,25 - 34,"$50,000 - $59,999",4 year degree,White,Republican,2,1,2,2,2,2,1,1,2,2,2,2,2,1
179,0,0,1,0,0,0,0,0,25 - 34,"$40,000 - $49,999",4 year degree,White,Republican,0,1,-1,0,-1,0,-1,1,-1,-1,1,0,-1,-1
180,0,0,0,0,0,1,0,0,25 - 34,"Less than $10,000",High school graduate,White,Independent,0,0,2,2,0,2,2,1,0,1,2,2,1,1
181,0,0,0,0,1,0,0,0,25 - 34,"$70,000 - $79,999",4 year degree,White,Democrat,2,4,2,2,0,1,2,0,-2,2,0,2,2,-2
182,0,0,1,0,0,0,0,0,25 - 34,"$60,000 - $69,999",4 year degree,White,Democrat,2,1,2,1,2,2,2,1,2,2,2,1,2,2
183,0,0,0,0,0,1,0,0,75 - 84,"$20,000 - $29,999",Doctorate,Other,Independent,1,4,1,1,1,2,-1,0,0,1,2,2,-2,1
184,0,0,0,0,0,0,0,1,45 - 54,"$70,000 - $79,999",4 year degree,White,Republican,1,0,2,2,2,1,2,1,0,2,2,1,2,1
185,0,0,0,0,0,1,0,0,55 - 64,"$20,000 - $29,999",Some college,White,Democrat,-1,1,2,-2,0,2,1,-1,-2,1,1,2,1,-1
186,0,0,1,0,0,0,0,0,45 - 54,"More than $150,000",Professional degree,White,Democrat,1,3,2,-2,1,2,1,-1,1,2,2,2,-1,-1
187,0,0,0,0,0,1,0,0,65 - 74,"$50,000 - $59,999",4 year degree,White,Democrat,2,3,2,1,0,1,1,2,0,1,0,1,-1,1
188,0,0,0,0,0,0,0,1,55 - 64,"Less than $10,000",Some college,Other,Democrat,1,3,2,-2,2,2,0,-1,0,2,2,2,0,1
189,0,0,0,0,0,0,1,0,45 - 54,"$30,000 - $39,999",High school graduate,White,Independent,-1,2,2,-1,1,0,-1,1,-1,1,1,2,-2,1
190,0,0,0,1,0,0,0,0,25 - 34,"$70,000 - $79,999",Doctorate,White,Republican,2,4,2,-2,2,2,2,1,2,0,0,2,-2,-2
191,0,0,1,0,0,0,0,0,35 - 44,"$50,000 - $59,999",Professional degree,Black or African American,Democrat,0,1,2,-1,-2,2,1,0,-2,2,1,0,-1,-2
192,1,0,0,0,0,0,0,0,25 - 34,"$100,000 - $149,999",Professional degree,White,Democrat,1,4,1,1,0,1,1,-1,1,1,1,1,1,-1
193,0,0,0,0,0,0,0,1,45 - 54,"$40,000 - $49,999",Professional degree,Black or African American,Republican,1,4,1,1,2,1,-1,-1,1,1,-1,-2,-1,1
194,0,0,0,0,0,0,0,1,45 - 54,"More than $150,000",4 year degree,White,Democrat,1,3,1,0,1,1,0,1,2,-1,1,2,2,-1
195,0,0,0,0,0,0,0,1,35 - 44,"$20,000 - $29,999",4 year degree,White,Independent,0,3,2,-2,2,0,1,2,2,-1,2,2,-2,2
196,0,0,0,0,1,0,0,0,25 - 34,"$50,000 - $59,999",4 year degree,White,Democrat,0,1,1,2,0,1,1,2,2,0,1,2,-1,0
197,1,0,0,0,0,0,0,0,35 - 44,"$20,000 - $29,999",4 year degree,White,Democrat,2,3,1,2,1,1,2,1,2,0,1,2,2,0
198,0,0,0,0,0,0,0,1,25 - 34,"$40,000 - $49,999",2 year degree,White,Independent,0,3,0,0,1,1,0,0,0,0,0,2,0,1
199,0,1,0,0,0,0,0,0,18 - 24,"$40,000 - $49,999",4 year degree,Black or African American,Democrat,0,2,1,0,-1,1,-1,2,1,0,1,2,1,0
200,0,0,0,0,0,0,1,0,45 - 54,"$20,000 - $29,999",4 year degree,White,Democrat,0,1,0,2,1,1,1,2,1,1,2,1,2,2
201,0,0,0,0,1,0,0,0,25 - 34,"$70,000 - $79,999",Professional degree,White,Republican,2,4,1,2,-1,2,1,2,1,2,2,2,-2,-1
202,0,0,0,0,1,0,0,0,35 - 44,"$10,000 - $19,999",4 year degree,White,Democrat,1,4,2,-2,1,2,1,0,-1,2,2,2,0,1
203,0,0,0,0,0,0,1,0,35 - 44,"$30,000 - $39,999",4 year degree,White,Democrat,1,3,2,-1,0,1,-1,1,2,0,1,2,-1,-1
204,0,0,0,0,0,0,1,0,55 - 64,"$20,000 - $29,999",4 year degree,White,Democrat,0,0,0,1,2,-1,0,1,0,-1,1,2,-1,-2
205,0,0,0,0,0,0,1,0,35 - 44,"$70,000 - $79,999",Professional degree,White,Independent,0,3,2,-2,0,-2,-2,0,0,-2,-2,2,-2,-2
206,0,0,0,0,0,0,0,1,25 - 34,"$20,000 - $29,999",Some college,Black or African American,Democrat,1,0,2,2,2,2,2,1,1,1,1,2,2,2
207,0,0,0,0,1,0,0,0,25 - 34,"$50,000 - $59,999",4 year degree,Asian,Democrat,1,2,2,-1,1,2,-2,1,1,0,1,2,1,2
208,0,0,1,0,0,0,0,0,35 - 44,"$30,000 - $39,999",4 year degree,White,Democrat,0,0,0,0,-1,0,0,0,-2,1,0,-1,0,0
209,0,0,0,0,0,1,0,0,25 - 34,"$60,000 - $69,999",4 year degree,White,Democrat,1,0,0,-2,0,-1,0,-2,1,-2,-1,1,-2,-1
210,0,0,0,0,0,0,0,1,18 - 24,"$20,000 - $29,999",High school graduate,White,Democrat,2,2,1,2,1,-1,1,0,0,1,0,2,-1,-1
211,0,0,1,0,0,0,0,0,35 - 44,"$40,000 - $49,999",Professional degree,Black or African American,Democrat,1,3,1,2,1,2,1,2,1,2,1,2,1,2
212,0,0,0,0,0,0,1,0,35 - 44,"$60,000 - $69,999",4 year degree,White,Democrat,2,0,2,2,1,2,1,1,1,2,2,1,2,2
213,1,0,0,0,0,0,0,0,55 - 64,"$10,000 - $19,999",Some college,White,Republican,-1,2,2,-2,2,2,2,1,2,-2,2,2,-2,-2
214,0,0,0,0,0,0,0,1,35 - 44,"$100,000 - $149,999",4 year degree,Asian,Democrat,0,0,1,1,1,1,1,1,1,1,1,1,1,1
215,0,0,0,0,0,1,0,0,45 - 54,"$40,000 - $49,999",4 year degree,White,Democrat,2,1,2,2,2,2,2,2,2,2,2,2,2,2
216,0,0,1,0,0,0,0,0,25 - 34,"$40,000 - $49,999",4 year degree,White,Democrat,2,2,0,0,1,1,-1,0,0,0,1,0,1,0
217,0,0,0,0,0,0,0,1,25 - 34,"$40,000 - $49,999",4 year degree,Black or African American,Democrat,1,3,0,-1,1,2,-1,1,1,1,-1,1,0,1
218,0,0,0,1,0,0,0,0,25 - 34,"$40,000 - $49,999",4 year degree,White,Democrat,1,0,-1,-1,0,-1,-1,-2,0,0,-1,1,-1,1
219,0,0,1,0,0,0,0,0,35 - 44,"$10,000 - $19,999",4 year degree,White,Democrat,0,2,1,0,1,1,0,0,1,0,0,1,0,1
220,0,0,0,0,1,0,0,0,45 - 54,"$20,000 - $29,999",4 year degree,Black or African American,Democrat,1,0,1,1,2,2,2,1,2,2,1,2,1,2
221,0,0,0,0,0,0,0,1,25 - 34,"$50,000 - $59,999",4 year degree,Other,Independent,0,4,2,-2,2,-1,2,2,2,-1,2,0,-2,-1
222,1,0,0,0,0,0,0,0,35 - 44,"$50,000 - $59,999",4 year degree,White,Democrat,1,3,1,-1,1,2,-1,1,0,2,-1,2,1,2
223,0,0,0,0,0,0,1,0,35 - 44,"$70,000 - $79,999",2 year degree,White,Independent,1,2,2,-2,2,1,0,0,1,0,2,2,0,-2
224,0,0,0,0,1,0,0,0,25 - 34,"$70,000 - $79,999",Professional degree,White,Democrat,0,2,1,0,0,1,1,1,-1,0,1,0,0,1
225,0,0,0,0,0,0,0,1,25 - 34,"$70,000 - $79,999",4 year degree,Black or African American,Independent,0,0,1,2,1,1,1,2,2,1,2,1,1,2
226,0,1,0,0,0,0,0,0,25 - 34,"$50,000 - $59,999",Some college,Black or African American,Democrat,1,2,2,-2,2,2,-1,2,2,-2,2,2,-2,-2
227,0,1,0,0,0,0,0,0,35 - 44,"$80,000 - $89,999",Professional degree,White,Republican,2,0,2,1,2,0,2,1,2,2,2,0,2,1
228,1,0,0,0,0,0,0,0,25 - 34,"$30,000 - $39,999",High school graduate,White,Democrat,1,3,2,-2,2,2,1,2,2,1,2,2,2,-1
229,0,0,0,1,0,0,0,0,45 - 54,"$50,000 - $59,999",4 year degree,White,Democrat,2,4,1,0,1,1,1,1,0,1,1,0,1,1
230,0,0,0,0,0,0,1,0,25 - 34,"$40,000 - $49,999",4 year degree,White,Democrat,1,4,2,-2,1,1,-2,-2,0,2,-1,1,2,2
231,0,0,0,0,0,1,0,0,35 - 44,"$50,000 - $59,999",4 year degree,White,Democrat,2,4,1,2,0,2,1,2,1,2,2,1,2,1
232,0,0,1,0,0,0,0,0,25 - 34,"$70,000 - $79,999",Professional degree,White,Democrat,2,3,2,1,2,1,1,2,1,2,2,1,2,2
233,0,0,0,1,0,0,0,0,35 - 44,"$70,000 - $79,999",4 year degree,White,Republican,0,3,2,-2,2,1,1,2,2,-1,2,2,-1,-2
234,0,0,0,0,0,1,0,0,25 - 34,"More than $150,000",Professional degree,White,Republican,2,0,1,1,2,0,2,1,2,1,0,2,-1,1
235,0,0,0,1,0,0,0,0,18 - 24,"$50,000 - $59,999",Professional degree,White,Democrat,2,0,1,1,2,2,1,2,1,2,1,0,1,2
236,0,0,0,1,0,0,0,0,25 - 34,"$40,000 - $49,999",Some college,White,Democrat,-1,2,1,-1,2,-2,-1,2,-2,2,1,2,-2,0
237,0,0,0,0,1,0,0,0,18 - 24,"$60,000 - $69,999",4 year degree,White,Democrat,1,1,2,1,0,2,1,2,1,0,2,1,2,1
238,0,0,0,0,0,0,0,1,45 - 54,"$100,000 - $149,999",4 year degree,Black or African American,Democrat,2,1,1,1,1,-2,1,2,1,2,1,2,2,2
239,1,0,0,0,0,0,0,0,25 - 34,"$30,000 - $39,999",4 year degree,Black or African American,Republican,1,0,0,2,1,0,2,0,2,1,2,-1,0,1
240,1,0,0,0,0,0,0,0,25 - 34,"$50,000 - $59,999",4 year degree,White,Democrat,0,1,1,2,0,1,0,1,0,2,0,2,1,1
241,0,0,0,0,0,1,0,0,25 - 34,"$50,000 - $59,999",4 year degree,White,Republican,1,0,1,2,1,1,1,1,1,1,1,1,1,2
242,0,0,0,0,1,0,0,0,35 - 44,"$40,000 - $49,999",Some college,White,Republican,0,3,1,1,-1,1,0,0,1,-1,1,0,1,0
243,0,1,0,0,0,0,0,0,25 - 34,"$40,000 - $49,999",4 year degree,White,Democrat,0,2,0,1,0,2,1,0,1,-1,2,0,1,-1
244,0,0,0,0,0,0,0,1,65 - 74,"$20,000 - $29,999",Some college,White,Republican,1,3,1,-2,1,0,1,1,1,0,2,2,-2,-2
245,0,0,0,0,0,0,1,0,35 - 44,"$80,000 - $89,999",4 year degree,White,Democrat,1,4,1,1,0,-1,1,1,1,0,1,1,1,-1
246,0,0,0,0,0,1,0,0,25 - 34,"$40,000 - $49,999",4 year degree,White,Democrat,1,3,2,-2,1,2,1,0,2,-1,2,1,2,-1
247,0,0,1,0,0,0,0,0,45 - 54,"$20,000 - $29,999",4 year degree,White,Democrat,1,3,2,-2,2,2,1,2,2,0,1,2,-2,-2
248,0,0,0,0,0,0,1,0,35 - 44,"$20,000 - $29,999",High school graduate,White,Democrat,-1,1,2,-2,2,2,-2,1,1,2,1,2,-2,-1
249,0,0,0,0,0,1,0,0,35 - 44,"$70,000 - $79,999",4 year degree,White,Democrat,2,0,1,1,1,1,1,1,1,1,1,1,1,1
250,0,1,0,0,0,0,0,0,45 - 54,"$50,000 - $59,999",Professional degree,White,Republican,2,4,1,2,0,2,1,2,2,0,0,1,2,2
251,0,0,0,0,1,0,0,0,35 - 44,"$20,000 - $29,999",4 year degree,White,Democrat,1,4,1,1,1,0,1,0,0,1,1,1,1,0
252,1,0,0,0,0,0,0,0,25 - 34,"$50,000 - $59,999",4 year degree,White,Democrat,1,1,0,0,0,0,2,2,2,2,-1,0,1,2
253,0,0,0,1,0,0,0,0,45 - 54,"$60,000 - $69,999",Professional degree,White,Republican,0,4,0,1,2,2,1,1,2,1,1,1,0,-1
254,1,0,0,0,0,0,0,0,25 - 34,"$50,000 - $59,999",Professional degree,Black or African American,Republican,2,3,2,1,2,2,2,2,1,1,2,1,2,2
255,0,0,0,0,1,0,0,0,45 - 54,"$20,000 - $29,999",4 year degree,Black or African American,Democrat,2,0,1,1,0,1,0,1,2,2,1,0,1,1
256,0,0,1,0,0,0,0,0,35 - 44,"$50,000 - $59,999",Professional degree,Black or African American,Republican,0,2,1,1,1,1,1,1,1,1,1,1,2,1
257,0,0,0,1,0,0,0,0,35 - 44,"$50,000 - $59,999",4 year degree,Black or African American,Democrat,1,2,1,0,1,-1,0,-1,2,1,-1,2,-2,-2
258,0,1,0,0,0,0,0,0,25 - 34,"$50,000 - $59,999",4 year degree,White,Democrat,1,2,2,-1,2,1,1,1,0,-1,-1,-1,-1,-1
259,0,0,0,0,0,0,1,0,25 - 34,"$30,000 - $39,999",4 year degree,White,Democrat,0,3,1,0,-1,1,0,1,-1,2,-1,0,1,2
260,0,0,0,0,0,0,1,0,35 - 44,"$40,000 - $49,999",2 year degree,White,Democrat,0,4,1,1,1,0,1,1,1,1,1,1,1,0
261,1,0,0,0,0,0,0,0,25 - 34,"$40,000 - $49,999",4 year degree,White,Democrat,1,0,1,0,2,1,2,1,2,0,2,0,1,2
262,0,0,0,0,0,0,0,1,25 - 34,"$40,000 - $49,999",Professional degree,Black or African American,Democrat,1,3,0,-1,0,1,2,0,-1,0,2,1,-2,0
263,0,0,0,0,0,0,1,0,35 - 44,"$50,000 - $59,999",4 year degree,Black or African American,Republican,1,2,1,2,1,1,2,1,2,1,2,1,2,2
264,0,0,0,1,0,0,0,0,65 - 74,"$20,000 - $29,999",2 year degree,White,Independent,0,3,0,1,0,-2,0,0,2,0,1,1,1,-2
265,1,0,0,0,0,0,0,0,25 - 34,"$30,000 - $39,999",4 year degree,White,Democrat,1,3,0,1,0,-1,0,1,-2,1,-1,1,-1,1
266,0,0,0,0,0,1,0,0,35 - 44,"$60,000 - $69,999",4 year degree,Black or African American,Democrat,1,3,2,1,0,2,2,0,-1,2,-1,2,0,-1
267,0,0,1,0,0,0,0,0,35 - 44,"$60,000 - $69,999",Professional degree,White,Democrat,2,3,1,-1,-2,2,2,0,1,1,1,2,-1,1
268,0,1,0,0,0,0,0,0,25 - 34,"$40,000 - $49,999",4 year degree,White,Democrat,1,4,1,1,0,1,1,0,1,1,1,0,1,0
269,1,0,0,0,0,0,0,0,35 - 44,"$50,000 - $59,999",4 year degree,White,Democrat,1,2,1,1,1,1,1,1,1,1,1,1,1,0
270,0,0,1,0,0,0,0,0,25 - 34,"$50,000 - $59,999",4 year degree,White,Democrat,0,0,0,0,0,0,-1,-1,0,-1,0,0,-1,0
271,0,1,0,0,0,0,0,0,25 - 34,"$60,000 - $69,999",Professional degree,Black or African American,Democrat,0,0,2,2,2,1,2,2,2,2,2,2,2,2
272,0,0,0,0,0,0,1,0,35 - 44,"$20,000 - $29,999",4 year degree,White,Democrat,0,1,1,1,1,0,-1,0,1,1,1,-2,0,0
273,0,0,0,1,0,0,0,0,45 - 54,"$70,000 - $79,999",4 year degree,White,Democrat,1,0,2,1,2,1,2,2,1,1,2,1,2,1
274,0,0,1,0,0,0,0,0,55 - 64,"$40,000 - $49,999",4 year degree,White,Democrat,2,0,2,1,0,1,1,2,0,1,2,2,1,2
275,0,0,0,1,0,0,0,0,45 - 54,"$50,000 - $59,999",4 year degree,White,Democrat,0,1,0,0,-1,1,1,2,1,1,1,0,1,2
276,0,1,0,0,0,0,0,0,35 - 44,"$50,000 - $59,999",4 year degree,White,Democrat,2,3,2,1,1,-2,1,1,0,2,2,2,-1,2
277,1,0,0,0,0,0,0,0,45 - 54,"Less than $10,000",4 year degree,White,Democrat,2,3,2,2,1,2,1,2,0,2,1,2,2,2
278,0,0,0,0,1,0,0,0,45 - 54,"$40,000 - $49,999",4 year degree,White,Democrat,0,1,0,2,-1,2,-1,0,-1,0,1,2,0,-1
279,0,0,0,1,0,0,0,0,25 - 34,"$40,000 - $49,999",4 year degree,White,Democrat,0,4,0,1,0,-1,-1,-1,-2,-1,-2,0,0,0
280,0,1,0,0,0,0,0,0,45 - 54,"$40,000 - $49,999",4 year degree,White,Democrat,1,4,1,2,0,1,1,0,1,0,1,1,0,1
281,0,0,1,0,0,0,0,0,25 - 34,"$70,000 - $79,999",Professional degree,Asian,Democrat,1,3,2,-2,2,0,2,2,2,-2,2,2,-2,-2
282,0,1,0,0,0,0,0,0,25 - 34,"$100,000 - $149,999",4 year degree,White,Republican,1,1,1,0,0,0,0,0,0,1,1,1,1,0
283,0,0,1,0,0,0,0,0,45 - 54,"$20,000 - $29,999",Professional degree,White,Republican,2,0,1,1,2,1,1,1,1,2,1,2,1,2
284,1,0,0,0,0,0,0,0,25 - 34,"$20,000 - $29,999",Some college,White,Independent,-1,3,1,-1,1,-1,-1,-1,1,1,-1,1,1,1
285,0,0,0,0,1,0,0,0,35 - 44,"$60,000 - $69,999",4 year degree,White,Republican,2,4,1,1,0,1,1,0,1,1,0,1,0,1
286,0,0,1,0,0,0,0,0,55 - 64,"$60,000 - $69,999",Some college,White,Republican,1,2,2,-1,2,-1,-1,2,2,0,2,2,-1,-2
287,0,0,0,0,0,0,0,1,35 - 44,"$60,000 - $69,999",4 year degree,Black or African American,Democrat,0,2,2,1,0,2,2,1,1,1,1,2,0,2
288,0,0,0,0,0,1,0,0,35 - 44,"$40,000 - $49,999",Professional degree,Black or African American,Democrat,1,3,1,2,1,2,1,2,1,2,1,2,1,2
289,1,0,0,0,0,0,0,0,55 - 64,"$90,000 - $99,999",4 year degree,White,Republican,0,0,2,1,2,-1,0,2,1,2,-1,1,0,0
290,0,0,0,1,0,0,0,0,35 - 44,"$50,000 - $59,999",Professional degree,Black or African American,Democrat,0,2,0,1,-1,-1,0,-1,1,1,1,0,1,2
291,0,0,0,0,0,0,1,0,25 - 34,"$20,000 - $29,999",4 year degree,White,Democrat,2,4,1,2,0,-1,1,0,1,0,1,1,1,1
292,1,0,0,0,0,0,0,0,45 - 54,"$50,000 - $59,999",4 year degree,White,Democrat,2,3,-2,1,1,-1,-1,1,1,-1,-1,1,0,-1
293,0,0,1,0,0,0,0,0,35 - 44,"$20,000 - $29,999",Professional degree,American Indian or Alaska Native,Democrat,1,4,2,1,2,1,2,1,2,2,2,2,1,0
294,0,0,1,0,0,0,0,0,35 - 44,"$40,000 - $49,999",4 year degree,White,Democrat,2,2,-1,1,2,-2,-1,0,2,1,-1,2,-2,-1
295,0,0,0,1,0,0,0,0,35 - 44,"$20,000 - $29,999",4 year degree,White,Democrat,0,3,2,-1,-2,1,1,2,2,2,2,2,2,1
296,0,0,0,0,1,0,0,0,45 - 54,"More than $150,000",Professional degree,White,Republican,1,3,2,1,2,1,1,-1,1,-1,2,2,-1,-2
297,0,0,1,0,0,0,0,0,45 - 54,"$70,000 - $79,999",Some college,White,Democrat,0,2,2,2,1,1,2,1,2,1,-1,1,1,1
298,0,0,0,0,0,0,1,0,35 - 44,"$30,000 - $39,999",4 year degree,White,Democrat,-1,4,2,-2,2,2,-1,1,2,0,1,2,2,2
299,0,1,0,0,0,0,0,0,35 - 44,"$30,000 - $39,999",Professional degree,American Indian or Alaska Native,Republican,1,4,2,1,2,1,-1,2,2,2,1,2,2,-2
300,0,0,0,0,0,0,1,0,35 - 44,"$50,000 - $59,999",Professional degree,White,Democrat,2,1,0,1,2,2,1,2,0,1,1,2,0,1
301,0,0,0,0,0,0,0,1,25 - 34,"$70,000 - $79,999",Professional degree,White,Democrat,1,2,1,2,1,1,1,1,1,1,1,1,0,2
302,0,0,0,0,0,1,0,0,35 - 44,"$50,000 - $59,999",Professional degree,White,Democrat,2,0,2,1,1,2,1,2,1,2,1,2,1,1
303,0,0,0,0,0,0,1,0,25 - 34,"$10,000 - $19,999",4 year degree,White,Democrat,1,3,1,0,1,1,2,2,2,2,0,1,2,1
304,0,0,0,0,1,0,0,0,25 - 34,"$50,000 - $59,999",4 year degree,White,Democrat,1,1,2,2,1,0,1,1,0,2,1,0,1,2
305,0,0,0,0,0,0,1,0,18 - 24,"$90,000 - $99,999",Professional degree,White,Democrat,1,1,2,1,2,1,0,1,1,1,0,-1,1,1
306,0,0,0,0,0,0,1,0,25 - 34,"$10,000 - $19,999",2 year degree,White,Democrat,-1,2,1,1,1,1,-1,-1,-1,1,-1,-1,1,1
307,0,0,0,0,0,0,0,1,25 - 34,"$60,000 - $69,999",4 year degree,White,Democrat,2,1,1,1,1,1,1,1,2,1,1,1,1,1
308,0,0,0,0,0,0,1,0,25 - 34,"$50,000 - $59,999",4 year degree,White,Democrat,1,1,2,0,1,2,0,1,-1,1,2,1,0,1
309,0,0,0,0,0,0,1,0,25 - 34,"$60,000 - $69,999",4 year degree,White,Democrat,2,3,2,1,2,1,0,2,1,1,2,1,1,1
310,1,0,0,0,0,0,0,0,25 - 34,"$60,000 - $69,999",Professional degree,White,Democrat,2,0,1,2,1,2,1,1,1,2,2,1,1,2
311,0,0,0,1,0,0,0,0,55 - 64,"$10,000 - $19,999",4 year degree,White,Independent,0,2,0,-1,0,-1,-1,-2,0,1,1,2,0,0
312,0,0,1,0,0,0,0,0,35 - 44,"$50,000 - $59,999",4 year degree,Asian,Democrat,0,2,-1,1,1,2,1,1,-2,1,1,-1,0,-2
313,0,0,0,0,0,0,1,0,25 - 34,"$30,000 - $39,999",Professional degree,White,Democrat,0,4,0,1,2,-1,0,1,-1,2,-1,0,1,2
314,1,0,0,0,0,0,0,0,65 - 74,"$70,000 - $79,999",4 year degree,White,Democrat,0,0,1,2,2,1,2,2,1,1,2,2,1,0
315,0,1,0,0,0,0,0,0,25 - 34,"$50,000 - $59,999",4 year degree,White,Democrat,1,3,1,2,2,1,2,1,2,2,1,2,1,2
316,0,1,0,0,0,0,0,0,35 - 44,"$50,000 - $59,999",Professional degree,White,Republican,2,2,1,1,2,0,1,0,2,-1,1,0,2,-1
317,0,0,0,0,1,0,0,0,25 - 34,"$60,000 - $69,999",4 year degree,Black or African American,Republican,2,2,-2,2,2,2,2,2,2,2,2,2,-2,2
318,0,0,0,1,0,0,0,0,25 - 34,"$60,000 - $69,999",4 year degree,White,Democrat,0,0,0,0,0,0,0,0,0,-1,0,0,-1,0
319,1,0,0,0,0,0,0,0,35 - 44,"$30,000 - $39,999",4 year degree,Black or African American,Republican,1,1,2,1,2,1,2,1,2,0,2,0,1,2
320,0,0,0,0,0,0,1,0,25 - 34,"$50,000 - $59,999",2 year degree,White,Republican,1,1,0,0,0,0,1,-1,0,0,0,-1,0,0
321,0,0,0,1,0,0,0,0,35 - 44,"$30,000 - $39,999",Some college,White,Republican,1,1,1,-1,1,1,1,0,1,2,-1,1,0,1
322,1,0,0,0,0,0,0,0,25 - 34,"$70,000 - $79,999",Professional degree,White,Republican,1,0,2,2,2,2,2,2,2,2,2,2,2,2
323,0,0,1,0,0,0,0,0,25 - 34,"$70,000 - $79,999",4 year degree,White,Democrat,0,3,1,0,0,0,0,0,0,0,0,0,0,0
324,0,0,1,0,0,0,0,0,25 - 34,"$50,000 - $59,999",4 year degree,White,Democrat,1,1,2,0,-1,-2,0,-1,2,1,1,2,1,-1
325,0,0,0,0,0,1,0,0,35 - 44,"$70,000 - $79,999",4 year degree,White,Republican,0,1,1,0,0,0,1,0,0,1,0,0,0,0
326,0,0,0,0,1,0,0,0,45 - 54,"$30,000 - $39,999",4 year degree,White,Republican,1,2,1,1,0,0,0,1,0,0,1,0,-1,1
327,0,0,0,0,0,0,0,1,25 - 34,"$50,000 - $59,999",4 year degree,White,Democrat,0,1,0,1,2,2,1,0,1,0,1,0,1,1
328,0,0,0,1,0,0,0,0,45 - 54,"$50,000 - $59,999",4 year degree,White,Democrat,0,1,-2,-1,2,1,0,1,-1,2,0,1,-1,1
329,0,0,0,0,1,0,0,0,25 - 34,"$60,000 - $69,999",4 year degree,White,Democrat,2,1,2,1,1,2,2,1,1,2,2,1,2,2
330,0,0,0,0,0,0,1,0,18 - 24,"$40,000 - $49,999",2 year degree,White,Independent,1,0,0,-2,0,2,0,1,-1,0,1,-1,0,-2
331,1,0,0,0,0,0,0,0,25 - 34,"$60,000 - $69,999",4 year degree,White,Democrat,2,1,2,2,1,1,1,2,1,1,1,2,2,2
332,0,0,0,0,0,0,1,0,25 - 34,"$50,000 - $59,999",Professional degree,White,Independent,1,0,1,1,2,1,1,2,2,2,1,2,2,1
333,1,0,0,0,0,0,0,0,35 - 44,"$50,000 - $59,999",4 year degree,Black or African American,Democrat,2,0,2,2,1,2,1,2,2,2,1,2,2,2
334,0,0,0,1,0,0,0,0,45 - 54,"$30,000 - $39,999",4 year degree,Other,Democrat,1,0,0,0,1,0,-1,-1,0,1,0,0,1,1
335,0,0,0,0,0,1,0,0,25 - 34,"$70,000 - $79,999",4 year degree,White,Democrat,1,0,1,1,0,1,1,1,2,1,1,0,1,1
336,0,1,0,0,0,0,0,0,35 - 44,"$50,000 - $59,999",Professional degree,Black or African American,Republican,2,0,1,-1,0,1,0,1,-1,-1,0,-1,1,-1
337,0,0,0,0,1,0,0,0,35 - 44,"$50,000 - $59,999",Professional degree,White,Republican,2,0,2,2,1,2,2,1,2,1,2,1,2,1
338,0,1,0,0,0,0,0,0,35 - 44,"$50,000 - $59,999",Professional degree,Black or African American,Republican,2,0,1,1,2,1,1,2,1,1,1,1,2,1
339,0,0,1,0,0,0,0,0,25 - 34,"More than $150,000",Professional degree,White,Republican,2,0,2,1,2,0,2,1,0,-1,2,0,2,1
340,1,0,0,0,0,0,0,0,55 - 64,"Less than $10,000",4 year degree,White,Republican,1,4,2,-1,1,2,1,-1,2,-1,2,2,-2,-1
341,0,0,0,0,0,0,0,1,18 - 24,"$30,000 - $39,999",2 year degree,Black or African American,Republican,1,2,1,0,0,1,2,2,1,-2,2,2,0,-2
342,0,0,0,0,0,0,0,1,18 - 24,"$40,000 - $49,999",2 year degree,White,Democrat,1,4,-1,1,-1,-2,1,1,-2,-2,-1,2,-2,-2
343,0,0,0,0,0,0,0,1,35 - 44,"$40,000 - $49,999",4 year degree,White,Democrat,2,2,1,0,2,1,1,2,2,2,1,2,1,2
344,1,0,0,0,0,0,0,0,35 - 44,"$70,000 - $79,999",4 year degree,White,Democrat,0,2,0,1,0,0,1,0,2,0,1,1,0,0
345,0,0,1,0,0,0,0,0,65 - 74,"$30,000 - $39,999",Some college,White,Republican,2,2,1,-1,2,1,2,-1,-1,-2,2,2,-1,-2
346,0,0,1,0,0,0,0,0,25 - 34,"$70,000 - $79,999",4 year degree,Black or African American,Democrat,1,2,2,0,0,2,0,0,-1,1,2,2,0,-2
347,0,0,0,0,0,0,0,1,25 - 34,"$10,000 - $19,999",4 year degree,White,Democrat,1,3,1,-1,1,1,1,1,1,2,1,1,0,1
348,1,0,0,0,0,0,0,0,45 - 54,"$50,000 - $59,999",4 year degree,Black or African American,Democrat,2,3,2,1,2,1,2,2,1,2,1,1,2,1
349,0,1,0,0,0,0,0,0,25 - 34,"$30,000 - $39,999",4 year degree,Black or African American,Democrat,1,3,-1,1,0,0,1,-2,0,0,-1,1,-1,-1
350,0,0,1,0,0,0,0,0,35 - 44,"$70,000 - $79,999",4 year degree,Black or African American,Democrat,1,2,1,0,-1,2,-1,1,-2,1,1,2,-1,1
351,0,0,0,0,1,0,0,0,35 - 44,"$20,000 - $29,999",2 year degree,White,Democrat,1,1,2,-1,-1,1,1,-1,0,1,2,1,-1,1
352,0,0,0,0,0,0,0,1,35 - 44,"$80,000 - $89,999",4 year degree,Black or African American,Democrat,2,2,2,1,2,1,2,1,0,1,1,2,2,1
353,0,0,0,0,1,0,0,0,25 - 34,"$50,000 - $59,999",Professional degree,White,Democrat,2,0,2,1,2,0,2,1,2,1,2,1,2,1
354,0,0,0,0,1,0,0,0,25 - 34,"$50,000 - $59,999",Professional degree,Black or African American,Democrat,-1,1,1,0,1,-1,1,0,2,1,2,1,0,0
355,0,0,0,0,0,1,0,0,45 - 54,"$60,000 - $69,999",4 year degree,White,Democrat,-1,2,1,1,-1,0,1,0,-1,1,-1,1,1,0
356,0,0,1,0,0,0,0,0,25 - 34,"$50,000 - $59,999",4 year degree,White,Democrat,-1,1,2,1,2,0,2,0,1,-1,1,2,-1,0
357,0,0,0,0,0,0,1,0,25 - 34,"Less than $10,000",Less than high school,White,Democrat,1,3,2,0,2,2,2,2,1,1,2,2,1,0
358,0,0,0,0,0,0,0,1,35 - 44,"$100,000 - $149,999",Professional degree,White,Republican,1,3,1,0,-1,1,-2,-2,-2,2,-2,2,-1,2
359,0,0,0,1,0,0,0,0,25 - 34,"$70,000 - $79,999",4 year degree,White,Democrat,2,4,2,2,0,0,-2,0,1,0,-1,2,2,-2
360,0,1,0,0,0,0,0,0,35 - 44,"$70,000 - $79,999",4 year degree,White,Democrat,0,0,2,2,2,1,1,2,0,1,2,1,0,1
361,0,0,0,0,0,0,1,0,35 - 44,"$40,000 - $49,999",4 year degree,Black or African American,Republican,1,1,2,0,0,2,1,2,0,1,2,0,-1,2
362,0,0,1,0,0,0,0,0,45 - 54,"$40,000 - $49,999",Some college,White,Democrat,1,2,1,1,0,-1,1,0,-1,-1,1,1,0,1
363,0,1,0,0,0,0,0,0,25 - 34,"$10,000 - $19,999",Some college,White,Democrat,1,4,2,-2,2,1,2,0,1,0,2,2,-1,1
364,0,1,0,0,0,0,0,0,45 - 54,"$50,000 - $59,999",4 year degree,White,Democrat,0,1,1,2,0,1,1,2,1,2,2,1,0,1
365,0,0,0,0,0,0,1,0,35 - 44,"$40,000 - $49,999",4 year degree,White,Democrat,1,0,1,0,2,1,1,2,0,1,2,0,1,0
366,0,0,0,0,0,0,1,0,35 - 44,"$50,000 - $59,999",2 year degree,Other,Independent,0,2,2,-2,-1,1,1,-1,-1,-1,2,1,-1,1
367,1,0,0,0,0,0,0,0,35 - 44,"$50,000 - $59,999",Professional degree,Black or African American,Democrat,0,2,1,0,-1,1,1,2,0,2,1,-1,2,1
368,0,0,0,0,0,0,0,1,25 - 34,"$20,000 - $29,999",Some college,White,Other,0,3,-1,2,-2,-2,-2,-2,-2,2,-2,-2,2,2
369,0,0,0,1,0,0,0,0,55 - 64,"$40,000 - $49,999",Some college,White,Democrat,1,2,1,1,1,1,1,0,-1,-1,1,2,0,1
370,0,0,1,0,0,0,0,0,25 - 34,"$70,000 - $79,999",4 year degree,White,Democrat,0,0,-1,0,1,0,0,1,0,1,1,0,1,0
371,0,0,1,0,0,0,0,0,25 - 34,"$60,000 - $69,999",4 year degree,Black or African American,Democrat,0,1,2,1,1,2,1,2,1,1,2,1,2,1
372,0,0,0,0,0,0,1,0,25 - 34,"$60,000 - $69,999",4 year degree,White,Democrat,2,1,2,1,1,2,2,2,2,1,1,-2,1,1
373,1,0,0,0,0,0,0,0,35 - 44,"$40,000 - $49,999",Some college,White,Democrat,1,1,2,-1,2,1,-2,1,0,1,-2,2,-2,-1
374,0,0,0,0,0,0,1,0,25 - 34,"$70,000 - $79,999",Professional degree,White,Democrat,2,3,1,2,2,1,2,1,-1,2,1,2,1,2
375,0,0,1,0,0,0,0,0,25 - 34,"$40,000 - $49,999",Doctorate,White,Republican,2,2,-1,0,1,2,1,2,0,1,1,2,2,1
376,0,0,0,1,0,0,0,0,45 - 54,"$80,000 - $89,999",4 year degree,White,Republican,2,0,2,2,1,2,2,2,2,2,-1,1,2,2
377,0,1,0,0,0,0,0,0,18 - 24,"$90,000 - $99,999",4 year degree,Asian,Democrat,1,4,1,2,0,1,1,2,0,1,1,2,0,1
378,0,0,0,0,0,0,1,0,35 - 44,"$30,000 - $39,999",Some college,White,Independent,0,3,1,-2,2,1,-1,1,1,2,-1,2,2,2
379,0,0,0,0,0,0,1,0,25 - 34,"$20,000 - $29,999",Professional degree,White,Republican,1,0,2,2,2,2,2,2,2,2,2,2,2,2
380,0,1,0,0,0,0,0,0,35 - 44,"$50,000 - $59,999",Professional degree,Black or African American,Democrat,0,1,2,1,0,-1,1,0,-1,1,-2,-1,0,1
381,1,0,0,0,0,0,0,0,35 - 44,"$40,000 - $49,999",4 year degree,White,Independent,2,0,2,1,2,1,1,1,2,2,2,1,0,2
382,0,0,0,0,1,0,0,0,25 - 34,"$70,000 - $79,999",4 year degree,White,Republican,0,0,2,2,2,2,2,2,2,2,2,1,2,2
383,0,1,0,0,0,0,0,0,45 - 54,"Less than $10,000",2 year degree,White,Republican,0,2,1,1,1,0,1,1,0,0,1,1,0,0
384,1,0,0,0,0,0,0,0,25 - 34,"$70,000 - $79,999",4 year degree,White,Republican,1,0,2,1,1,1,2,2,2,0,1,2,1,2
385,0,0,0,0,0,0,0,1,25 - 34,"$40,000 - $49,999",4 year degree,Black or African American,Democrat,1,3,0,-1,0,1,1,1,2,1,0,-2,-1,0
386,0,0,0,0,1,0,0,0,25 - 34,"$80,000 - $89,999",4 year degree,White,Democrat,-1,1,1,0,0,1,0,0,0,1,-1,1,-1,2
387,0,0,0,0,0,0,1,0,35 - 44,"$60,000 - $69,999",Professional degree,Black or African American,Republican,0,3,1,2,1,1,2,1,2,1,2,1,2,1
388,0,0,0,0,0,0,1,0,45 - 54,"$40,000 - $49,999",4 year degree,Asian,Independent,0,3,0,0,0,0,0,-1,0,1,0,1,1,1
389,0,0,0,0,0,1,0,0,55 - 64,"$100,000 - $149,999",Professional degree,White,Democrat,0,2,2,-1,1,2,-2,-1,1,2,2,2,1,1
390,0,0,0,0,1,0,0,0,25 - 34,"$50,000 - $59,999",4 year degree,White,Democrat,0,1,1,0,2,1,0,1,0,0,0,1,-1,0
391,0,0,0,0,1,0,0,0,25 - 34,"$30,000 - $39,999",Some college,White,Democrat,1,3,1,1,1,0,1,1,1,0,2,1,1,-1
392,0,0,0,0,0,0,0,1,25 - 34,"$30,000 - $39,999",High school graduate,White,Republican,2,4,2,-2,2,2,2,2,2,-2,2,2,-2,-2
393,0,0,0,0,0,0,0,1,45 - 54,"$60,000 - $69,999",4 year degree,Black or African American,Democrat,2,3,2,2,2,0,2,1,1,1,1,1,1,1
394,0,0,1,0,0,0,0,0,25 - 34,"$40,000 - $49,999",4 year degree,White,Independent,1,0,0,2,2,0,2,1,0,1,2,0,0,0
395,0,1,0,0,0,0,0,0,35 - 44,"$80,000 - $89,999",High school graduate,White,Democrat,2,2,2,-2,2,2,2,2,2,0,2,2,0,2
396,0,1,0,0,0,0,0,0,35 - 44,"$40,000 - $49,999",Some college,Asian,Republican,1,2,2,1,2,1,1,2,1,2,1,2,2,1
397,1,0,0,0,0,0,0,0,45 - 54,"$70,000 - $79,999",4 year degree,Other,Independent,1,3,-1,0,1,-2,-1,0,1,-1,1,2,-2,-2
398,0,1,0,0,0,0,0,0,35 - 44,"$40,000 - $49,999",Professional degree,Asian,Independent,1,2,2,-1,2,2,1,1,1,2,1,2,-2,0
399,0,0,0,0,0,0,0,1,25 - 34,"$20,000 - $29,999",Professional degree,White,Republican,1,0,2,2,2,2,2,2,2,2,2,2,2,2
400,1,0,0,0,0,0,0,0,25 - 34,"$70,000 - $79,999",Professional degree,White,Democrat,1,0,-1,0,1,-1,1,-1,1,-1,1,-1,1,1
401,0,0,1,0,0,0,0,0,25 - 34,"$50,000 - $59,999",4 year degree,White,Democrat,2,1,-1,1,0,-1,0,1,-2,1,-1,0,-1,0
402,0,0,0,1,0,0,0,0,35 - 44,"$40,000 - $49,999",Professional degree,White,Republican,1,2,2,1,2,1,1,2,1,2,1,1,2,1
403,0,0,1,0,0,0,0,0,25 - 34,"$70,000 - $79,999",4 year degree,Black or African American,Democrat,1,3,1,-1,1,1,0,2,-1,0,2,2,-1,-1
404,0,0,1,0,0,0,0,0,25 - 34,"$70,000 - $79,999",4 year degree,White,Democrat,0,0,0,1,1,0,-1,1,0,0,1,0,1,-1
405,0,0,0,0,0,1,0,0,25 - 34,"$50,000 - $59,999",4 year degree,White,Democrat,0,1,2,2,1,0,2,-1,1,0,2,0,1,1
406,0,1,0,0,0,0,0,0,25 - 34,"$60,000 - $69,999",Professional degree,White,Independent,0,0,1,-1,-1,-1,1,0,2,-1,2,-1,0,0
407,0,0,0,0,0,1,0,0,25 - 34,"$70,000 - $79,999",4 year degree,White,Democrat,1,0,1,0,2,0,1,0,-1,1,1,0,-1,1
408,0,0,0,1,0,0,0,0,25 - 34,"$80,000 - $89,999",4 year degree,White,Democrat,-1,1,1,0,1,0,0,-1,1,1,1,0,0,1
409,0,0,0,0,0,1,0,0,35 - 44,"$60,000 - $69,999",4 year degree,Black or African American,Democrat,1,3,1,-1,-2,1,1,-1,1,1,1,-1,2,-2
410,0,0,0,0,0,0,0,1,45 - 54,"$20,000 - $29,999",4 year degree,White,Democrat,1,0,1,2,0,2,1,0,2,1,2,1,0,1
411,0,1,0,0,0,0,0,0,25 - 34,"More than $150,000",Professional degree,White,Democrat,1,3,1,-1,0,2,1,0,2,2,-1,0,-1,0
412,0,0,0,0,0,1,0,0,45 - 54,"$40,000 - $49,999",4 year degree,White,Democrat,2,2,1,2,0,1,1,2,0,2,1,2,1,2
413,0,0,1,0,0,0,0,0,25 - 34,"$50,000 - $59,999",4 year degree,White,Democrat,1,1,1,-1,1,-1,1,-1,-1,1,-1,0,-1,1
414,0,0,0,0,1,0,0,0,25 - 34,"$20,000 - $29,999",High school graduate,White,Independent,1,3,-2,-2,2,-2,-2,-2,2,-2,-1,2,-2,-2
415,0,0,0,0,0,0,1,0,35 - 44,"$100,000 - $149,999",4 year degree,White,Republican,1,2,1,1,0,1,1,1,0,0,1,1,1,1
416,0,0,0,0,1,0,0,0,35 - 44,"$70,000 - $79,999",4 year degree,White,Democrat,0,2,1,1,0,1,0,1,2,1,1,2,0,1
417,0,0,0,0,0,0,0,1,55 - 64,"$50,000 - $59,999",4 year degree,White,Democrat,2,3,1,-2,2,1,1,-1,2,0,2,2,-2,1
418,0,0,0,0,1,0,0,0,25 - 34,"$50,000 - $59,999",4 year degree,White,Independent,0,3,-2,-1,1,2,0,1,-1,1,1,0,-1,1
419,0,0,0,0,1,0,0,0,45 - 54,"More than $150,000",4 year degree,White,Republican,2,2,2,-1,2,2,2,2,2,-1,2,2,-1,-2
420,0,0,0,0,0,0,0,1,45 - 54,"$40,000 - $49,999",4 year degree,White,Republican,2,3,1,1,0,1,1,0,1,0,1,0,1,1
421,0,0,1,0,0,0,0,0,25 - 34,"$40,000 - $49,999",4 year degree,White,Democrat,1,2,-1,0,1,-1,1,-1,0,1,-1,1,0,-1
422,1,0,0,0,0,0,0,0,25 - 34,"$70,000 - $79,999",4 year degree,White,Democrat,2,0,1,2,1,2,2,1,2,1,2,1,2,2
423,0,0,0,1,0,0,0,0,45 - 54,"$40,000 - $49,999",4 year degree,American Indian or Alaska Native,Democrat,1,3,2,-2,2,-2,2,-2,2,-2,2,2,0,-2
424,0,1,0,0,0,0,0,0,45 - 54,"$100,000 - $149,999",Professional degree,White,Republican,1,3,1,2,1,2,0,1,1,-1,2,1,1,1
425,0,0,0,0,0,1,0,0,25 - 34,"$50,000 - $59,999",4 year degree,White,Democrat,1,1,1,1,0,1,1,1,1,1,1,1,1,1
426,0,0,0,0,0,0,1,0,25 - 34,"$50,000 - $59,999",Some college,White,Democrat,-1,3,1,-1,1,0,1,-1,1,-1,2,2,-1,0
427,0,0,0,0,0,1,0,0,18 - 24,"$80,000 - $89,999",Professional degree,White,Democrat,0,0,2,2,2,2,2,2,2,2,2,2,2,2
428,1,0,0,0,0,0,0,0,25 - 34,"$50,000 - $59,999",Professional degree,Black or African American,Republican,0,2,1,2,1,0,2,2,1,2,1,2,1,2
429,0,0,0,0,0,0,1,0,35 - 44,"$60,000 - $69,999",4 year degree,Black or African American,Republican,2,2,2,1,2,1,2,0,1,1,2,1,2,2
430,0,0,0,0,0,0,1,0,25 - 34,"$60,000 - $69,999",4 year degree,White,Democrat,-1,0,2,2,1,1,1,1,1,1,0,1,-2,-1
431,0,0,1,0,0,0,0,0,35 - 44,"$50,000 - $59,999",4 year degree,White,Republican,1,0,1,2,1,1,2,-1,1,1,2,1,-1,1
432,0,0,0,0,0,0,0,1,25 - 34,"$50,000 - $59,999",4 year degree,White,Republican,1,3,-1,0,-1,2,-1,1,2,1,-1,1,-1,1
433,0,0,0,0,1,0,0,0,35 - 44,"$50,000 - $59,999",Professional degree,Black or African American,Democrat,0,2,1,1,2,0,2,0,-1,1,0,1,-1,2
434,0,0,0,0,0,0,1,0,35 - 44,"$50,000 - $59,999",4 year degree,White,Democrat,0,1,1,0,-1,1,1,2,0,0,2,1,0,1
435,1,0,0,0,0,0,0,0,35 - 44,"$40,000 - $49,999",4 year degree,White,Republican,1,1,2,-1,2,2,2,2,2,1,2,2,2,0
436,0,0,1,0,0,0,0,0,35 - 44,"$30,000 - $39,999",4 year degree,Black or African American,Republican,2,0,2,2,1,2,1,2,1,2,2,1,2,2
437,0,0,0,1,0,0,0,0,35 - 44,"$50,000 - $59,999",4 year degree,White,Republican,2,0,1,2,1,1,2,1,2,1,2,2,1,1
438,0,0,0,0,0,0,1,0,25 - 34,"$50,000 - $59,999",4 year degree,White,Democrat,0,1,0,0,1,-1,0,1,-1,0,0,1,-1,0
439,0,0,0,0,0,0,1,0,35 - 44,"$90,000 - $99,999",Professional degree,White,Republican,2,2,2,0,0,-2,1,1,0,1,1,2,2,0
440,0,0,0,1,0,0,0,0,25 - 34,"$50,000 - $59,999",4 year degree,White,Democrat,1,3,-1,2,2,0,-2,1,1,-1,1,2,-1,-2
441,0,0,0,1,0,0,0,0,45 - 54,"$50,000 - $59,999",Professional degree,Black or African American,Democrat,1,4,1,-1,2,0,2,1,-1,1,-1,1,2,2
442,0,0,0,0,1,0,0,0,25 - 34,"$30,000 - $39,999",4 year degree,White,Republican,0,0,0,1,1,1,1,0,1,0,1,1,1,1
443,0,0,1,0,0,0,0,0,35 - 44,"$100,000 - $149,999",4 year degree,White,Republican,1,3,-1,-1,1,-2,1,1,-1,-1,1,-1,1,-1
444,0,0,0,0,0,0,0,1,55 - 64,"$30,000 - $39,999",4 year degree,White,Democrat,1,1,1,0,2,1,-1,1,-1,1,1,0,-1,2
445,0,0,0,0,0,0,0,1,25 - 34,"$100,000 - $149,999",4 year degree,White,Democrat,1,3,2,-2,1,1,-2,-1,1,1,2,2,0,1
446,0,0,0,1,0,0,0,0,25 - 34,"$50,000 - $59,999",4 year degree,White,Independent,1,4,2,-2,2,2,0,0,2,-2,2,2,-1,2
447,1,0,0,0,0,0,0,0,25 - 34,"$50,000 - $59,999",4 year degree,White,Republican,0,1,0,0,1,2,0,1,0,0,0,1,-1,0
448,0,1,0,0,0,0,0,0,25 - 34,"$60,000 - $69,999",4 year degree,White,Democrat,1,4,2,-1,1,1,0,0,1,1,0,1,0,2
449,0,0,1,0,0,0,0,0,25 - 34,"$30,000 - $39,999",4 year degree,Black or African American,Democrat,1,2,1,1,0,1,1,-1,0,1,1,1,1,1
450,1,0,0,0,0,0,0,0,25 - 34,"$50,000 - $59,999",4 year degree,White,Democrat,0,3,2,0,-1,1,2,2,0,0,1,0,0,1
451,0,0,0,0,0,0,0,1,25 - 34,"$80,000 - $89,999",4 year degree,Asian,Democrat,0,3,2,2,2,2,2,2,2,2,2,2,2,2
452,0,0,1,0,0,0,0,0,25 - 34,"$50,000 - $59,999",Professional degree,Black or African American,Republican,0,4,1,2,1,1,1,0,2,0,0,1,0,-1
453,0,0,0,0,0,0,0,1,35 - 44,"$50,000 - $59,999",4 year degree,White,Democrat,1,2,1,1,1,1,1,1,1,1,1,1,1,1
454,0,0,1,0,0,0,0,0,55 - 64,"$20,000 - $29,999",4 year degree,White,Democrat,-1,2,2,-1,0,-1,2,1,2,1,2,1,-1,-2
455,0,0,0,0,0,0,0,1,25 - 34,"$70,000 - $79,999",4 year degree,Black or African American,Democrat,1,3,2,1,-1,-2,1,-2,1,1,1,-1,2,1
456,0,0,1,0,0,0,0,0,25 - 34,"$50,000 - $59,999",Professional degree,Black or African American,Democrat,1,1,-1,-2,1,2,1,0,-1,-2,1,0,-2,0
457,0,0,0,0,0,0,1,0,35 - 44,"$10,000 - $19,999",4 year degree,White,Republican,-2,3,2,-2,2,-1,2,2,2,-2,2,1,-2,-2
458,0,0,0,1,0,0,0,0,18 - 24,"$70,000 - $79,999",4 year degree,White,Democrat,2,2,2,2,2,2,2,2,2,2,2,2,2,2
459,0,0,0,0,0,0,0,1,35 - 44,"$60,000 - $69,999",4 year degree,White,Democrat,0,1,-1,1,-1,2,2,1,-1,2,1,2,1,1
460,0,0,0,0,1,0,0,0,18 - 24,"$80,000 - $89,999",Professional degree,White,Democrat,2,0,2,2,2,2,2,2,2,2,2,2,2,2
461,0,0,0,1,0,0,0,0,25 - 34,"$60,000 - $69,999",Professional degree,White,Independent,1,0,0,2,1,1,0,-2,2,-2,1,0,-1,0
462,0,0,0,1,0,0,0,0,35 - 44,"$20,000 - $29,999",4 year degree,White,Democrat,2,3,2,1,2,1,2,1,2,1,2,1,2,2
463,1,0,0,0,0,0,0,0,25 - 34,"$40,000 - $49,999",Professional degree,White,Democrat,1,4,0,1,0,1,1,1,0,1,1,2,1,0
464,0,0,0,0,0,0,1,0,25 - 34,"$50,000 - $59,999",4 year degree,White,Democrat,2,0,2,1,2,2,1,2,1,1,1,2,1,1
465,0,0,0,0,0,1,0,0,35 - 44,"$20,000 - $29,999",4 year degree,Black or African American,Independent,0,2,1,1,1,0,0,1,1,2,0,1,1,2
466,0,0,0,0,0,0,1,0,35 - 44,"$50,000 - $59,999",Professional degree,White,Democrat,2,2,1,2,1,2,1,2,1,2,2,0,0,0
467,0,1,0,0,0,0,0,0,25 - 34,"$50,000 - $59,999",2 year degree,White,Independent,-2,3,-1,2,0,-1,-2,-2,-2,1,-2,2,1,2
468,0,0,0,0,0,0,0,1,35 - 44,"$60,000 - $69,999",4 year degree,White,Democrat,1,2,2,0,0,1,0,1,0,0,1,0,0,0
469,0,0,0,0,1,0,0,0,45 - 54,"$70,000 - $79,999",Professional degree,American Indian or Alaska Native,Democrat,2,4,0,1,0,1,1,0,2,0,0,1,0,0
470,0,1,0,0,0,0,0,0,35 - 44,"$40,000 - $49,999",Some college,White,Democrat,1,3,1,-2,0,1,0,-1,0,0,2,2,-2,1
471,0,1,0,0,0,0,0,0,25 - 34,"$10,000 - $19,999",4 year degree,White,Democrat,1,4,2,-2,2,2,1,2,1,-1,1,2,1,1
472,0,0,0,0,0,1,0,0,25 - 34,"$50,000 - $59,999",4 year degree,White,Democrat,1,3,1,-1,0,2,1,2,2,-1,1,2,1,2
473,0,0,0,0,0,0,0,1,25 - 34,"$50,000 - $59,999",4 year degree,White,Democrat,1,1,-1,1,0,1,1,-1,1,-1,-1,1,-1,0
474,0,0,0,0,0,0,0,1,25 - 34,"$60,000 - $69,999",4 year degree,Black or African American,Democrat,0,0,2,2,2,2,2,2,2,2,2,2,2,2
475,0,1,0,0,0,0,0,0,25 - 34,"$50,000 - $59,999",Professional degree,Black or African American,Republican,0,2,1,2,1,2,1,1,2,1,1,1,1,1
476,1,0,0,0,0,0,0,0,45 - 54,"$50,000 - $59,999",High school graduate,White,Republican,-1,3,-1,0,-2,-2,1,0,2,-2,2,2,-2,-2
477,0,0,0,0,1,0,0,0,25 - 34,"$60,000 - $69,999",Professional degree,Black or African American,Republican,0,0,1,2,1,2,1,2,1,1,1,2,0,1
478,0,0,0,0,0,0,0,1,35 - 44,"$90,000 - $99,999",Professional degree,White,Democrat,2,2,0,0,0,0,0,1,0,1,-1,0,0,0
479,0,0,0,1,0,0,0,0,25 - 34,"$60,000 - $69,999",Professional degree,White,Republican,1,0,1,2,-1,0,2,1,0,0,2,1,0,1
480,0,0,0,0,1,0,0,0,25 - 34,"$70,000 - $79,999",Professional degree,White,Democrat,1,2,1,2,2,1,2,2,1,2,2,1,2,2
481,0,0,0,0,0,0,0,1,25 - 34,"$40,000 - $49,999",4 year degree,White,Democrat,2,2,0,1,1,0,1,0,1,0,1,0,1,1
482,0,0,0,0,0,1,0,0,25 - 34,"$20,000 - $29,999",4 year degree,Black or African American,Republican,0,0,2,1,2,1,1,2,1,1,2,1,1,1
483,0,0,0,0,0,0,0,1,55 - 64,"$50,000 - $59,999",4 year degree,Black or African American,Republican,2,2,2,2,2,2,2,1,0,2,2,1,0,2
484,0,0,0,0,0,0,1,0,35 - 44,"$50,000 - $59,999",4 year degree,Black or African American,Republican,1,0,1,1,1,1,2,2,2,1,2,2,2,2
485,1,0,0,0,0,0,0,0,25 - 34,"$100,000 - $149,999",Professional degree,White,Democrat,2,2,2,1,2,2,1,2,1,2,2,1,2,2
486,0,0,0,0,0,1,0,0,25 - 34,"$60,000 - $69,999",4 year degree,White,Democrat,0,1,2,1,2,1,1,2,1,2,1,2,1,2
487,0,0,1,0,0,0,0,0,25 - 34,"$60,000 - $69,999",4 year degree,White,Republican,1,0,2,1,2,1,2,2,1,2,2,1,2,1
488,0,0,0,0,0,1,0,0,25 - 34,"$90,000 - $99,999",Professional degree,White,Democrat,1,2,2,1,2,1,2,1,2,1,2,1,2,1
489,0,0,0,0,1,0,0,0,25 - 34,"$30,000 - $39,999",Some college,Black or African American,Independent,0,2,1,-1,0,0,1,0,0,1,0,1,0,0
490,0,1,0,0,0,0,0,0,25 - 34,"$80,000 - $89,999",4 year degree,Black or African American,Democrat,1,2,1,2,1,1,1,2,1,2,2,1,0,2
491,0,0,0,0,0,0,1,0,35 - 44,"$50,000 - $59,999",4 year degree,White,Democrat,1,3,0,-1,-1,1,-1,1,2,1,-1,1,-1,-2
492,0,0,0,0,0,0,0,1,25 - 34,"$50,000 - $59,999",4 year degree,Black or African American,Republican,0,2,2,1,0,1,2,1,1,2,1,1,1,2
493,0,0,1,0,0,0,0,0,45 - 54,"$20,000 - $29,999",4 year degree,Black or African American,Independent,0,2,1,1,0,0,1,-1,0,1,-1,0,1,-1
494,0,0,0,0,0,0,0,1,18 - 24,"$70,000 - $79,999",4 year degree,White,Republican,1,4,-2,-2,-2,-2,2,1,2,-2,2,1,-2,-2
495,1,0,0,0,0,0,0,0,45 - 54,"$40,000 - $49,999",Professional degree,White,Independent,2,2,2,1,2,2,2,1,2,1,2,1,2,1
496,0,0,0,0,0,0,1,0,25 - 34,"$40,000 - $49,999",4 year degree,White,Democrat,1,2,1,-1,-1,-1,1,1,1,1,1,1,-1,-1
497,1,0,0,0,0,0,0,0,25 - 34,"$40,000 - $49,999",4 year degree,White,Republican,2,3,1,0,1,1,1,1,0,0,1,1,0,1
498,0,0,0,1,0,0,0,0,45 - 54,"$100,000 - $149,999",Professional degree,White,Republican,2,2,0,2,0,1,2,1,1,2,1,0,0,2
499,0,0,0,0,0,0,1,0,25 - 34,"$40,000 - $49,999",4 year degree,White,Democrat,2,2,0,0,1,1,1,0,0,1,0,1,2,0
500,0,1,0,0,0,0,0,0,25 - 34,"$40,000 - $49,999",4 year degree,White,Democrat,1,3,2,-2,-2,0,-2,-2,1,0,-2,2,-2,2
501,0,0,0,0,0,0,0,1,25 - 34,"$50,000 - $59,999",Professional degree,White,Republican,2,3,2,1,0,2,2,1,-1,1,1,2,2,2
502,0,0,1,0,0,0,0,0,25 - 34,"$60,000 - $69,999",4 year degree,White,Republican,1,0,1,2,1,2,2,1,2,1,2,1,2,1
503,0,0,0,0,0,0,0,1,25 - 34,"$40,000 - $49,999",4 year degree,White,Democrat,1,3,1,-1,-1,-1,-2,2,1,-1,2,2,-2,-1
504,0,0,0,0,0,0,0,1,18 - 24,"$40,000 - $49,999",4 year degree,White,Democrat,0,0,1,2,1,2,2,0,1,2,-1,0,1,2
505,0,0,0,0,1,0,0,0,25 - 34,"$60,000 - $69,999",4 year degree,Black or African American,Independent,0,2,2,-1,1,1,-1,1,1,1,1,2,0,0
506,0,0,1,0,0,0,0,0,25 - 34,"$50,000 - $59,999",4 year degree,Black or African American,Republican,2,0,2,2,2,1,2,2,2,2,2,1,1,2
507,0,0,0,0,0,0,0,1,25 - 34,"$10,000 - $19,999",High school graduate,White,Democrat,2,4,1,-1,2,2,-2,-2,-1,1,-2,2,2,2
508,1,0,0,0,0,0,0,0,25 - 34,"$30,000 - $39,999",4 year degree,White,Democrat,0,3,1,0,1,2,1,0,1,1,1,0,2,2
509,0,0,0,0,0,0,0,1,55 - 64,"$30,000 - $39,999",4 year degree,White,Republican,1,0,0,2,0,-2,1,0,1,-1,1,-1,-2,-1
510,0,1,0,0,0,0,0,0,25 - 34,"$100,000 - $149,999",Professional degree,White,Democrat,0,1,1,1,0,1,1,0,2,1,1,1,0,1
511,0,0,0,1,0,0,0,0,25 - 34,"$70,000 - $79,999",2 year degree,White,Democrat,2,1,2,1,2,1,2,1,2,1,1,1,0,2
512,0,1,0,0,0,0,0,0,35 - 44,"$70,000 - $79,999",4 year degree,White,Democrat,0,0,0,0,0,0,0,0,0,0,0,0,0,0
513,0,0,1,0,0,0,0,0,35 - 44,"$60,000 - $69,999",Professional degree,White,Republican,1,3,2,1,1,1,1,0,1,1,1,0,1,-1
514,0,0,0,0,0,0,1,0,35 - 44,"$30,000 - $39,999",4 year degree,White,Republican,-1,0,2,-2,2,-2,0,1,2,-2,2,2,-2,-2
515,0,0,0,0,0,0,1,0,25 - 34,"$10,000 - $19,999",Some college,Asian,Democrat,1,2,2,-2,2,2,2,0,-2,0,2,2,2,1
516,0,0,0,0,0,0,0,1,45 - 54,"$70,000 - $79,999",Professional degree,Black or African American,Republican,1,1,0,1,2,0,1,2,-1,1,2,1,0,2
517,0,0,1,0,0,0,0,0,35 - 44,"$50,000 - $59,999",4 year degree,Black or African American,Republican,0,2,2,1,0,2,1,2,1,1,2,2,1,0
518,0,0,1,0,0,0,0,0,25 - 34,"$40,000 - $49,999",4 year degree,White,Republican,-1,2,1,-1,-1,-1,1,1,1,-1,1,-1,-1,0
519,0,0,0,0,1,0,0,0,35 - 44,"$70,000 - $79,999",High school graduate,White,Democrat,1,0,1,0,1,2,-1,1,2,1,0,1,1,1
520,0,0,1,0,0,0,0,0,35 - 44,"$60,000 - $69,999",4 year degree,Black or African American,Democrat,0,2,2,1,2,1,2,1,1,1,2,1,2,1
521,0,0,1,0,0,0,0,0,35 - 44,"$40,000 - $49,999",4 year degree,White,Republican,1,0,1,-1,2,-1,1,-1,-1,-1,1,0,-1,-2
522,0,1,0,0,0,0,0,0,45 - 54,"$30,000 - $39,999",4 year degree,White,Democrat,2,3,2,2,1,-1,1,2,1,-1,-1,2,-1,-2
523,1,0,0,0,0,0,0,0,35 - 44,"$60,000 - $69,999",Professional degree,Black or African American,Republican,0,1,1,1,1,1,1,1,1,1,1,2,1,1
524,0,0,1,0,0,0,0,0,18 - 24,"$50,000 - $59,999",4 year degree,White,Democrat,1,0,2,1,0,2,0,2,0,0,2,1,0,-1
525,0,0,0,0,0,1,0,0,25 - 34,"$20,000 - $29,999",High school graduate,White,Democrat,0,1,2,-2,2,2,-2,0,2,2,2,2,2,2
526,0,0,0,0,0,1,0,0,25 - 34,"$70,000 - $79,999",4 year degree,White,Democrat,0,0,1,0,2,-2,2,0,-1,-2,1,0,-1,-1
527,0,1,0,0,0,0,0,0,25 - 34,"$90,000 - $99,999",Professional degree,White,Democrat,1,2,2,1,2,1,1,2,1,2,2,1,2,1
528,0,0,0,0,0,0,1,0,35 - 44,"$80,000 - $89,999",4 year degree,White,Democrat,0,2,1,-1,1,0,1,-1,1,-1,1,-1,-1,0
529,0,0,0,1,0,0,0,0,35 - 44,"$20,000 - $29,999",4 year degree,White,Democrat,2,0,1,0,2,-1,2,1,2,1,1,2,1,2
530,0,0,0,1,0,0,0,0,25 - 34,"$20,000 - $29,999",High school graduate,White,Democrat,0,3,2,-1,2,2,1,1,1,0,2,2,-2,2
531,1,0,0,0,0,0,0,0,25 - 34,"$10,000 - $19,999",High school graduate,White,Democrat,0,2,0,0,0,1,2,2,2,1,-1,0,0,2
532,0,0,0,0,1,0,0,0,25 - 34,"$40,000 - $49,999",4 year degree,Asian,Democrat,-1,1,2,-1,1,2,0,-1,0,1,2,2,1,2
533,0,0,0,0,0,0,0,1,35 - 44,"$50,000 - $59,999",4 year degree,Black or African American,Republican,2,2,2,1,0,2,2,1,0,2,0,1,2,2
534,0,0,0,0,0,1,0,0,35 - 44,"$90,000 - $99,999",4 year degree,Black or African American,Democrat,1,2,2,1,1,1,2,1,2,2,2,2,2,1
535,0,0,1,0,0,0,0,0,35 - 44,"$70,000 - $79,999",4 year degree,White,Democrat,1,0,1,1,1,1,1,1,1,1,1,1,1,1
536,0,0,0,0,1,0,0,0,35 - 44,"$60,000 - $69,999",4 year degree,Black or African American,Democrat,0,2,2,2,1,1,2,1,1,1,2,1,1,1
537,0,0,0,0,0,0,1,0,45 - 54,"$100,000 - $149,999",4 year degree,White,Democrat,0,1,0,0,1,1,1,1,1,1,1,1,-1,0
538,0,0,0,0,1,0,0,0,25 - 34,"$40,000 - $49,999",4 year degree,White,Democrat,0,4,2,-2,2,2,2,2,1,-1,2,2,-1,2
539,0,0,0,0,1,0,0,0,25 - 34,"$80,000 - $89,999",4 year degree,White,Democrat,2,0,2,2,2,1,2,2,2,2,2,2,2,2
540,0,1,0,0,0,0,0,0,25 - 34,"$70,000 - $79,999",4 year degree,White,Republican,1,3,1,-2,1,1,2,0,0,1,2,2,-2,0
541,0,1,0,0,0,0,0,0,35 - 44,"$60,000 - $69,999",4 year degree,Black or African American,Republican,0,0,1,1,1,2,-1,1,2,0,2,1,1,2
542,0,0,0,0,0,1,0,0,45 - 54,"$50,000 - $59,999",4 year degree,White,Independent,-1,1,1,0,0,0,1,0,-1,-1,1,1,0,1
543,0,0,0,0,1,0,0,0,35 - 44,"$70,000 - $79,999",4 year degree,White,Democrat,0,0,2,2,2,2,2,1,2,2,1,2,2,2
544,0,1,0,0,0,0,0,0,25 - 34,"$70,000 - $79,999",4 year degree,White,Democrat,2,0,1,2,0,1,0,1,0,1,2,0,1,0
545,0,0,0,0,0,0,1,0,25 - 34,"$40,000 - $49,999",2 year degree,White,Democrat,1,2,2,1,1,2,0,2,2,1,-1,1,1,0
546,1,0,0,0,0,0,0,0,45 - 54,"$10,000 - $19,999",2 year degree,Other,Democrat,1,3,2,-2,2,2,0,-2,2,-1,2,2,-2,-2
547,0,0,0,0,1,0,0,0,45 - 54,"$90,000 - $99,999",4 year degree,White,Democrat,0,0,1,0,1,1,2,0,2,1,2,2,-1,0
548,0,0,1,0,0,0,0,0,25 - 34,"$40,000 - $49,999",4 year degree,Black or African American,Democrat,1,3,-2,0,1,-1,2,2,1,-1,2,2,-1,-2
549,0,0,0,0,0,0,1,0,35 - 44,"$90,000 - $99,999",4 year degree,White,Democrat,2,2,1,2,1,1,1,2,0,2,1,2,2,2
550,0,0,0,1,0,0,0,0,45 - 54,"$100,000 - $149,999",4 year degree,White,Democrat,2,2,1,1,1,1,2,1,0,0,1,2,1,2
551,0,0,1,0,0,0,0,0,25 - 34,"$70,000 - $79,999",High school graduate,White,Independent,0,3,2,-2,2,1,0,0,1,-2,1,1,-1,0
552,0,0,0,0,0,0,1,0,25 - 34,"$50,000 - $59,999",4 year degree,Black or African American,Democrat,0,2,1,2,1,2,1,2,1,1,2,1,2,0
553,0,0,0,0,0,1,0,0,25 - 34,"$20,000 - $29,999",High school graduate,White,Democrat,1,1,2,-1,2,2,2,1,2,1,2,2,2,1
554,0,0,0,0,0,0,0,1,35 - 44,"$20,000 - $29,999",Some college,White,Independent,2,3,2,-2,2,-1,2,-2,2,-2,2,2,-2,1
555,0,0,1,0,0,0,0,0,25 - 34,"$30,000 - $39,999",4 year degree,White,Republican,2,0,2,2,2,2,2,2,2,2,2,2,2,2
556,0,0,1,0,0,0,0,0,35 - 44,"$70,000 - $79,999",4 year degree,White,Democrat,0,0,2,2,2,2,2,1,2,2,2,2,2,2
557,0,0,0,0,0,1,0,0,25 - 34,"$30,000 - $39,999",4 year degree,Asian,Democrat,1,4,2,2,-2,2,-1,2,-2,2,-1,1,-1,0
558,0,0,1,0,0,0,0,0,45 - 54,"$30,000 - $39,999",4 year degree,White,Republican,0,0,0,0,-1,-1,1,-1,1,0,0,-2,-2,-1
559,0,0,0,0,0,1,0,0,25 - 34,"$20,000 - $29,999",Some college,White,Independent,1,4,-1,2,-2,0,-2,-2,-1,2,-2,1,2,2
560,0,1,0,0,0,0,0,0,45 - 54,"$40,000 - $49,999",4 year degree,Black or African American,Democrat,0,2,2,1,2,2,2,1,2,2,1,1,2,2
561,0,1,0,0,0,0,0,0,35 - 44,"$20,000 - $29,999",Some college,Other,Democrat,1,4,1,-2,1,1,1,0,1,1,-2,-1,-1,-2
562,0,0,1,0,0,0,0,0,55 - 64,"$70,000 - $79,999",4 year degree,White,Democrat,1,1,2,2,2,1,2,1,2,2,2,1,2,2
563,1,0,0,0,0,0,0,0,35 - 44,"$50,000 - $59,999",4 year degree,Black or African American,Republican,2,1,2,1,2,2,2,2,2,2,0,0,1,2
564,0,0,0,0,0,0,0,1,25 - 34,"$10,000 - $19,999",4 year degree,American Indian or Alaska Native,Democrat,2,2,2,-2,2,2,-1,0,2,-2,-2,2,-2,0
565,0,0,0,0,1,0,0,0,25 - 34,"$60,000 - $69,999",4 year degree,White,Republican,0,0,2,1,2,1,2,1,2,1,2,1,2,1
566,0,0,0,0,0,0,1,0,25 - 34,"$50,000 - $59,999",4 year degree,Black or African American,Republican,2,0,-2,-1,1,1,2,2,2,1,2,1,2,1
567,0,0,0,0,0,0,0,1,55 - 64,"$50,000 - $59,999",Professional degree,White,Republican,0,1,1,0,1,2,0,1,0,1,0,1,2,1
568,0,0,0,1,0,0,0,0,35 - 44,"$20,000 - $29,999",4 year degree,White,Democrat,1,2,-1,1,1,0,0,1,0,0,-1,-1,0,2
569,0,0,0,0,0,0,1,0,25 - 34,"$30,000 - $39,999",Some college,White,Democrat,0,0,2,-2,2,1,0,0,1,-1,1,1,0,2
570,0,1,0,0,0,0,0,0,55 - 64,"$50,000 - $59,999",Professional degree,White,Republican,0,1,0,1,0,2,1,0,0,1,1,0,1,1
571,1,0,0,0,0,0,0,0,25 - 34,"$50,000 - $59,999",4 year degree,Black or African American,Republican,0,2,2,1,2,2,2,1,2,1,2,2,1,1
572,0,1,0,0,0,0,0,0,25 - 34,"$40,000 - $49,999",High school graduate,White,Democrat,-1,1,2,-2,2,2,1,2,2,-2,1,2,-2,1
573,0,0,0,0,1,0,0,0,25 - 34,"$40,000 - $49,999",4 year degree,White,Democrat,2,2,-1,0,-1,1,1,-1,1,1,1,1,0,-2
574,0,0,1,0,0,0,0,0,25 - 34,"$40,000 - $49,999",2 year degree,White,Democrat,1,3,-1,0,0,1,-1,0,0,-1,0,2,1,0
575,0,0,0,0,0,0,1,0,35 - 44,"$100,000 - $149,999",4 year degree,White,Democrat,2,2,2,1,1,1,2,1,2,1,1,2,2,2
576,1,0,0,0,0,0,0,0,18 - 24,"$50,000 - $59,999",4 year degree,White,Republican,2,4,2,-2,2,-2,2,2,2,-2,2,2,-2,-2
577,0,0,0,1,0,0,0,0,35 - 44,"$30,000 - $39,999",Some college,White,Democrat,1,3,1,-1,0,1,2,-1,0,1,2,2,-1,1
578,0,1,0,0,0,0,0,0,25 - 34,"$100,000 - $149,999",2 year degree,White,Democrat,0,1,0,1,2,-1,-1,-1,2,0,0,2,1,0
579,0,0,0,0,0,1,0,0,35 - 44,"$20,000 - $29,999",4 year degree,White,Democrat,0,2,-2,-1,1,2,2,1,2,0,2,1,0,2
580,0,0,0,0,0,0,0,1,45 - 54,"$100,000 - $149,999",4 year degree,White,Democrat,1,1,2,1,2,1,2,1,0,2,2,1,2,2
581,1,0,0,0,0,0,0,0,25 - 34,"$50,000 - $59,999",2 year degree,Black or African American,Democrat,1,1,1,0,1,-1,2,-1,-1,-1,-1,-2,0,1
582,0,1,0,0,0,0,0,0,45 - 54,"$50,000 - $59,999",4 year degree,White,Republican,0,1,0,1,2,0,0,1,0,0,1,0,0,1
583,0,0,0,0,0,1,0,0,35 - 44,"$70,000 - $79,999",4 year degree,White,Democrat,1,3,1,-1,1,1,1,0,1,0,1,1,0,1
584,0,0,0,0,0,0,0,1,18 - 24,"$50,000 - $59,999",Professional degree,Asian,Independent,2,4,2,-2,1,-1,2,2,1,-2,2,2,-2,1
585,0,0,0,0,0,1,0,0,25 - 34,"$50,000 - $59,999",4 year degree,White,Democrat,2,0,1,1,1,1,1,1,1,1,1,1,1,1
586,0,0,0,0,0,0,1,0,45 - 54,"$100,000 - $149,999",Some college,White,Democrat,1,4,2,-1,1,1,-1,2,1,0,1,2,0,2
587,0,0,0,0,0,1,0,0,35 - 44,"$20,000 - $29,999",Professional degree,White,Democrat,1,0,2,2,1,2,2,2,1,1,2,2,2,2
588,0,0,0,1,0,0,0,0,45 - 54,"$90,000 - $99,999",4 year degree,White,Republican,2,0,2,2,1,2,1,2,2,2,2,2,2,2
589,0,1,0,0,0,0,0,0,25 - 34,"$60,000 - $69,999",4 year degree,White,Democrat,1,3,1,0,1,1,1,0,1,0,1,1,0,1
590,1,0,0,0,0,0,0,0,25 - 34,"$90,000 - $99,999",Professional degree,White,Democrat,1,4,0,1,1,2,1,1,1,0,1,2,0,2
591,0,0,0,1,0,0,0,0,65 - 74,"$90,000 - $99,999",4 year degree,White,Democrat,1,0,2,1,1,2,1,1,1,0,0,0,1,1
592,0,0,0,0,1,0,0,0,25 - 34,"$40,000 - $49,999",4 year degree,White,Democrat,0,3,1,0,0,0,0,1,0,1,1,-1,0,1
593,0,0,0,0,1,0,0,0,25 - 34,"$40,000 - $49,999",4 year degree,Black or African American,Democrat,1,1,2,-1,2,2,1,2,2,-1,2,2,-1,-1
594,0,0,0,1,0,0,0,0,25 - 34,"$50,000 - $59,999",4 year degree,White,Independent,-2,0,2,0,1,0,2,-1,0,1,2,1,2,0
595,1,0,0,0,0,0,0,0,35 - 44,"$10,000 - $19,999",Some college,White,Democrat,2,4,2,-1,2,2,-2,2,1,2,1,2,2,2
596,0,0,1,0,0,0,0,0,25 - 34,"$40,000 - $49,999",Professional degree,Black or African American,Democrat,2,1,2,1,0,1,2,1,1,2,0,1,2,0
597,0,0,0,0,0,0,1,0,25 - 34,"$100,000 - $149,999",Professional degree,White,Democrat,1,2,2,1,2,1,2,1,2,1,1,2,2,1
598,0,1,0,0,0,0,0,0,35 - 44,"$60,000 - $69,999",4 year degree,Asian,Democrat,1,4,1,-2,2,2,1,2,2,1,2,2,-2,0
599,0,0,0,0,1,0,0,0,25 - 34,"$10,000 - $19,999",2 year degree,White,Democrat,-2,3,1,-1,2,1,-1,1,0,0,0,2,-1,0
600,0,0,0,1,0,0,0,0,25 - 34,"$30,000 - $39,999",4 year degree,White,Republican,0,0,1,1,1,1,1,0,1,1,1,1,1,0
601,1,0,0,0,0,0,0,0,25 - 34,"$50,000 - $59,999",4 year degree,White,Republican,-1,3,2,-2,2,0,2,-2,2,2,2,2,-2,0
602,0,0,0,1,0,0,0,0,45 - 54,"$10,000 - $19,999",4 year degree,White,Democrat,2,0,2,1,2,0,0,2,1,2,1,2,1,2
603,0,0,0,0,1,0,0,0,35 - 44,"$40,000 - $49,999",4 year degree,Black or African American,Republican,2,4,1,1,0,1,1,1,1,1,0,1,1,1
604,0,0,0,0,0,1,0,0,25 - 34,"$70,000 - $79,999",4 year degree,White,Republican,1,1,1,0,1,2,0,1,0,1,1,0,1,2
605,0,0,1,0,0,0,0,0,35 - 44,"$100,000 - $149,999",4 year degree,White,Democrat,-1,2,1,0,1,1,0,1,0,1,1,1,1,0
606,0,0,0,0,0,1,0,0,25 - 34,"$70,000 - $79,999",Doctorate,Asian,Democrat,-1,1,1,-1,1,-1,1,-1,1,0,1,2,-2,-1
607,0,0,0,0,0,1,0,0,25 - 34,"$60,000 - $69,999",4 year degree,White,Democrat,2,0,2,0,1,1,2,0,1,2,1,2,0,1
608,1,0,0,0,0,0,0,0,25 - 34,"$50,000 - $59,999",Professional degree,Black or African American,Republican,2,2,2,1,2,2,1,2,2,2,2,2,2,1
609,0,1,0,0,0,0,0,0,25 - 34,"$100,000 - $149,999",Professional degree,White,Democrat,0,3,1,2,2,2,2,1,2,1,1,2,1,1
610,0,0,0,0,1,0,0,0,25 - 34,"$50,000 - $59,999",Professional degree,White,Republican,1,0,2,1,2,1,2,2,2,2,1,1,1,1
611,0,0,1,0,0,0,0,0,35 - 44,"$50,000 - $59,999",4 year degree,Black or African American,Democrat,1,3,1,1,1,2,1,1,2,1,1,1,0,-1
612,1,0,0,0,0,0,0,0,35 - 44,"$50,000 - $59,999",4 year degree,White,Democrat,1,3,-1,2,2,1,-1,0,2,2,1,2,0,-2
613,0,0,0,0,0,0,0,1,25 - 34,"$20,000 - $29,999",4 year degree,Black or African American,Democrat,2,4,2,1,-2,1,2,-1,1,1,1,2,-1,-1
614,0,1,0,0,0,0,0,0,25 - 34,"$60,000 - $69,999",4 year degree,White,Democrat,1,2,1,0,2,2,-1,1,0,1,-1,0,2,1
615,0,0,0,0,0,0,1,0,25 - 34,"$30,000 - $39,999",4 year degree,White,Democrat,1,2,2,1,1,-1,2,2,1,-1,1,1,2,2
616,0,1,0,0,0,0,0,0,45 - 54,"Less than $10,000",Some college,White,Independent,0,3,1,-1,2,1,0,1,1,-1,1,2,0,0
617,0,1,0,0,0,0,0,0,25 - 34,"$20,000 - $29,999",High school graduate,White,Other,-1,3,2,0,-1,0,-2,-1,-2,2,-2,0,2,2
618,1,0,0,0,0,0,0,0,35 - 44,"$70,000 - $79,999",High school graduate,White,Independent,-1,0,2,0,1,0,-1,1,2,1,0,1,0,0
619,0,0,0,0,0,0,0,1,35 - 44,"$20,000 - $29,999",Some college,Asian,Democrat,-2,1,-1,1,0,-1,-2,1,1,1,1,2,-1,-1
620,0,0,1,0,0,0,0,0,35 - 44,"$90,000 - $99,999",Professional degree,White,Democrat,1,3,1,0,-2,-1,1,-1,0,1,1,2,1,-1
621,0,0,0,0,0,0,1,0,35 - 44,"$40,000 - $49,999",4 year degree,Black or African American,Republican,0,0,2,2,1,1,0,1,2,1,2,2,0,0
